{"stats":{"minecraft:broken":{"minecraft:stone_pickaxe":2},"minecraft:dropped":{"minecraft:wheat_seeds":8,"minecraft:cooked_beef":6,"minecraft:torch":33,"minecraft:iron_axe":1,"minecraft:bucket":1,"minecraft:stone_sword":1,"alexsmobs:animal_dictionary":1,"minecraft:beetroot":3,"minecraft:chicken":3,"minecraft:iron_boots":1,"minecraft:carrot":1,"minecraft:leather_chestplate":1,"minecraft:spruce_planks":1,"born_in_chaos_v1:intoxicating_dagger":1,"endrem:cold_eye":1,"minecraft:leather_leggings":1,"minecraft:beef":8},"minecraft:used":{"minecraft:stone_sword":1,"minecraft:stone_shovel":71,"born_in_chaos_v1:intoxicating_decoction":1,"minecraft:chest":2,"minecraft:spruce_planks":2,"minecraft:shield":29,"minecraft:cooked_chicken":1,"minecraft:iron_chestplate":3,"minecraft:torch":26,"minecraft:dirt":91,"minecraft:carrot":7,"minecraft:snowball":2,"minecraft:lantern":1,"minecraft:light_blue_bed":1,"epicfight:stone_greatsword":1,"minecraft:cooked_beef":1,"minecraft:calcite":1,"minecraft:water_bucket":15,"epicfight:iron_spear":31,"minecraft:spruce_door":3,"minecraft:stone_pickaxe":356,"minecraft:spruce_log":2,"minecraft:bread":3,"minecraft:iron_pickaxe":47,"minecraft:gravel":1,"minecraft:golden_helmet":1,"minecraft:stone_axe":1,"minecraft:cobblestone":124,"minecraft:bucket":15},"minecraft:crafted":{"minecraft:oak_planks":4,"minecraft:iron_boots":2,"minecraft:stone_pickaxe":2,"minecraft:chest":1,"minecraft:spruce_planks":64,"minecraft:spruce_door":3,"epicfight:stone_greatsword":1,"minecraft:bucket":1,"minecraft:air":0,"minecraft:iron_chestplate":1,"minecraft:shield":1,"minecraft:stick":12,"minecraft:iron_pickaxe":2,"minecraft:iron_ingot":12,"minecraft:torch":52},"minecraft:killed_by":{"darkestsouls:cloaked_beast_patient":3,"born_in_chaos_v1:zombie_lumberjack":3,"born_in_chaos_v1:zombie_bruiser":1,"darkestsouls:sewer_centipede":1,"darkestsouls:leech":2,"cave_dweller:cave_dweller":2,"darkestsouls:hollow_longsword":1},"minecraft:custom":{"minecraft:mob_kills":7,"minecraft:interact_with_crafting_table":19,"minecraft:open_barrel":16,"minecraft:damage_dealt_resisted":1,"minecraft:time_since_death":29223,"minecraft:climb_one_cm":88258,"minecraft:sprint_one_cm":639688,"minecraft:walk_one_cm":1259068,"minecraft:damage_blocked_by_shield":1065,"minecraft:drop":30,"minecraft:damage_dealt_absorbed":214,"minecraft:talked_to_villager":1,"minecraft:play_time":159690,"minecraft:deaths":14,"minecraft:sneak_time":4867,"minecraft:jump":1132,"minecraft:walk_on_water_one_cm":1524,"minecraft:total_world_time":159690,"minecraft:interact_with_furnace":17,"minecraft:time_since_rest":30244,"minecraft:damage_taken":2245,"minecraft:damage_dealt":1698,"minecraft:fly_one_cm":128648,"minecraft:player_kills":1,"minecraft:open_chest":98,"minecraft:crouch_one_cm":36350,"minecraft:fall_one_cm":8188},"minecraft:mined":{"minecraft:spruce_planks":4,"minecraft:grass_block":3,"minecraft:spruce_leaves":3,"minecraft:large_fern":1,"minecraft:iron_ore":14,"minecraft:snow":4,"minecraft:deepslate_iron_ore":13,"minecraft:lantern":1,"minecraft:stone":284,"minecraft:podzol":2,"minecraft:torch":1,"minecraft:chest":1,"minecraft:tall_grass":14,"minecraft:copper_ore":6,"minecraft:cobblestone":35,"minecraft:wall_torch":6,"minecraft:deepslate_copper_ore":16,"minecraft:light_blue_bed":1,"minecraft:mud":8,"minecraft:ice":1,"minecraft:spruce_log":15,"minecraft:grass":19,"minecraft:coal_ore":13,"minecraft:gravel":1,"minecraft:dirt":82,"minecraft:deepslate":12,"minecraft:fern":3},"minecraft:picked_up":{"minecraft:mud":8,"minecraft:charcoal":7,"minecraft:iron_chestplate":2,"minecraft:chicken":3,"minecraft:nether_wart":2,"minecraft:potion":1,"alexsmobs:froststalker_horn":1,"minecraft:shield":6,"minecraft:amethyst_block":36,"darkestsouls:beast_blood_clump":1,"minecraft:string":6,"minecraft:raw_copper":207,"minecraft:iron_axe":5,"minecraft:flint_and_steel":3,"born_in_chaos_v1:intoxicating_decoction":3,"minecraft:white_carpet":2,"darkestsouls:rune_fragment":2,"minecraft:cobbled_deepslate":24,"minecraft:bucket":6,"minecraft:spruce_planks":6,"minecraft:beef":8,"minecraft:cobblestone_slab":13,"minecraft:calcite":22,"minecraft:iron_pickaxe":6,"minecraft:chest":1,"minecraft:iron_boots":1,"minecraft:golden_helmet":3,"minecraft:stick":24,"minecraft:raw_iron":61,"minecraft:torch":152,"minecraft:spruce_stairs":2,"minecraft:snow_block":64,"born_in_chaos_v1:pieceofdarkmetal":2,"minecraft:carrot":26,"minecraft:light_blue_bed":1,"minecraft:rotten_flesh":13,"minecraft:stone_sword":11,"minecraft:arrow":2,"minecraft:stone_shovel":1,"minecraft:snowball":53,"minecraft:cobblestone":1040,"born_in_chaos_v1:monster_flesh":5,"darkestsouls:cinnabar":14,"minecraft:oak_log":1,"minecraft:gunpowder":2,"minecraft:lapis_lazuli":27,"minecraft:dirt":169,"minecraft:lantern":1,"born_in_chaos_v1:monster_skin":4,"minecraft:red_carpet":2,"born_in_chaos_v1:intoxicating_dagger":1,"minecraft:stone_bricks":8,"minecraft:wheat_seeds":8,"minecraft:stone_pickaxe":8,"minecraft:iron_ingot":16,"minecraft:mossy_stone_bricks":1,"darkestsouls:blood_stone_fragment":1,"minecraft:mangrove_planks":10,"minecraft:stone_hoe":1,"minecraft:warped_fungus":3,"minecraft:smooth_basalt":54,"epicfight:stone_greatsword":4,"epicfight:iron_spear":1,"minecraft:gravel":1,"minecraft:amethyst_shard":4,"minecraft:spruce_log":64,"alexsmobs:animal_dictionary":2,"minecraft:sugar":12,"minecraft:stone_axe":2,"minecraft:bone_meal":6,"minecraft:bread":3,"minecraft:coal":13},"minecraft:killed":{"darkestsouls:leech":1,"alexsmobs:froststalker":4,"darkestsouls:beast_patient":1,"born_in_chaos_v1:corpse_fly":1}},"DataVersion":3465}