{"stats":{"minecraft:custom":{"minecraft:time_since_rest":9316,"minecraft:interact_with_furnace":1,"minecraft:sprint_one_cm":23050,"minecraft:damage_taken":258,"minecraft:walk_one_cm":173478,"minecraft:mob_kills":1,"minecraft:drop":4,"minecraft:damage_dealt":84,"minecraft:interact_with_crafting_table":1,"minecraft:player_kills":1,"minecraft:fly_one_cm":7298,"minecraft:open_barrel":3,"minecraft:open_chest":6,"minecraft:crouch_one_cm":119,"minecraft:play_time":17957,"minecraft:deaths":1,"minecraft:sneak_time":5,"minecraft:jump":152,"minecraft:time_since_death":9223,"minecraft:total_world_time":17957,"minecraft:climb_one_cm":48,"minecraft:fall_one_cm":418},"minecraft:killed":{"born_in_chaos_v1:corpse_fly":1},"minecraft:killed_by":{"darkestsouls:hollow_longsword":1},"minecraft:dropped":{"alexsmobs:animal_dictionary":1,"minecraft:spruce_planks":1,"born_in_chaos_v1:intoxicating_dagger":1,"endrem:cold_eye":1},"minecraft:used":{"minecraft:stone_pickaxe":19,"born_in_chaos_v1:intoxicating_decoction":1,"minecraft:carrot":1,"minecraft:spruce_log":2},"minecraft:picked_up":{"minecraft:warped_fungus":3,"minecraft:nether_wart":2,"born_in_chaos_v1:monster_flesh":1,"minecraft:potion":1,"minecraft:gunpowder":2,"minecraft:spruce_log":3,"minecraft:carrot":2,"alexsmobs:animal_dictionary":2,"minecraft:iron_axe":2,"born_in_chaos_v1:intoxicating_decoction":3,"minecraft:white_carpet":1,"minecraft:rotten_flesh":2,"minecraft:sugar":12,"born_in_chaos_v1:intoxicating_dagger":1,"minecraft:spruce_planks":1,"minecraft:stone_pickaxe":1,"minecraft:bone_meal":1,"minecraft:mossy_stone_bricks":1,"minecraft:cobblestone":19},"minecraft:mined":{"minecraft:large_fern":1,"minecraft:spruce_log":1,"minecraft:stone":19}},"DataVersion":3465}