{"stats":{"minecraft:broken":{"minecraft:stone_pickaxe":2},"minecraft:dropped":{"minecraft:stone_sword":1,"alexsmobs:animal_dictionary":1,"minecraft:carrot":1,"minecraft:torch":25,"minecraft:spruce_planks":1,"born_in_chaos_v1:intoxicating_dagger":1,"endrem:cold_eye":1,"minecraft:iron_axe":1},"minecraft:used":{"minecraft:stone_shovel":71,"minecraft:stone_pickaxe":310,"born_in_chaos_v1:intoxicating_decoction":1,"minecraft:spruce_planks":1,"minecraft:chest":2,"minecraft:torch":17,"minecraft:dirt":72,"minecraft:carrot":2,"minecraft:snowball":2,"minecraft:spruce_log":2,"minecraft:lantern":1,"minecraft:bread":3,"minecraft:gravel":1,"epicfight:stone_greatsword":1,"minecraft:cobblestone":63},"minecraft:crafted":{"minecraft:oak_planks":4,"minecraft:spruce_planks":40,"minecraft:bucket":1,"epicfight:stone_greatsword":1,"minecraft:air":0,"minecraft:iron_boots":1,"minecraft:stick":12,"minecraft:iron_ingot":12,"minecraft:iron_pickaxe":1,"minecraft:stone_pickaxe":2,"minecraft:chest":1,"minecraft:torch":52},"minecraft:killed_by":{"darkestsouls:cloaked_beast_patient":3,"born_in_chaos_v1:zombie_lumberjack":3,"born_in_chaos_v1:zombie_bruiser":1,"darkestsouls:hollow_longsword":1},"minecraft:custom":{"minecraft:interact_with_furnace":12,"minecraft:mob_kills":1,"minecraft:interact_with_crafting_table":12,"minecraft:open_barrel":8,"minecraft:damage_dealt_resisted":1,"minecraft:time_since_death":5986,"minecraft:climb_one_cm":53056,"minecraft:time_since_rest":6050,"minecraft:sprint_one_cm":220190,"minecraft:damage_taken":1098,"minecraft:walk_one_cm":628897,"minecraft:drop":9,"minecraft:damage_dealt":209,"minecraft:player_kills":1,"minecraft:fly_one_cm":62653,"minecraft:open_chest":37,"minecraft:crouch_one_cm":23235,"minecraft:play_time":87690,"minecraft:deaths":8,"minecraft:sneak_time":3101,"minecraft:jump":546,"minecraft:walk_on_water_one_cm":1100,"minecraft:total_world_time":87690,"minecraft:fall_one_cm":2500},"minecraft:picked_up":{"minecraft:mud":8,"minecraft:nether_wart":2,"born_in_chaos_v1:monster_flesh":2,"minecraft:potion":1,"minecraft:oak_log":1,"minecraft:gunpowder":2,"minecraft:amethyst_block":36,"minecraft:string":6,"minecraft:dirt":144,"minecraft:lantern":1,"minecraft:raw_copper":132,"minecraft:iron_axe":5,"born_in_chaos_v1:monster_skin":1,"born_in_chaos_v1:intoxicating_decoction":3,"minecraft:white_carpet":2,"born_in_chaos_v1:intoxicating_dagger":1,"minecraft:stone_bricks":8,"minecraft:wheat_seeds":8,"minecraft:cobbled_deepslate":24,"minecraft:bucket":1,"minecraft:spruce_planks":4,"minecraft:iron_ingot":16,"minecraft:stone_pickaxe":6,"minecraft:calcite":21,"minecraft:mossy_stone_bricks":1,"minecraft:iron_pickaxe":4,"minecraft:mangrove_planks":10,"minecraft:chest":1,"minecraft:stick":6,"minecraft:raw_iron":19,"minecraft:smooth_basalt":54,"minecraft:warped_fungus":3,"epicfight:stone_greatsword":3,"minecraft:torch":112,"minecraft:gravel":1,"minecraft:amethyst_shard":4,"born_in_chaos_v1:pieceofdarkmetal":2,"minecraft:spruce_log":64,"minecraft:carrot":9,"alexsmobs:animal_dictionary":2,"minecraft:sugar":12,"minecraft:stone_sword":8,"minecraft:stone_shovel":1,"minecraft:rotten_flesh":12,"minecraft:bone_meal":6,"minecraft:bread":3,"minecraft:coal":13,"minecraft:snowball":5,"minecraft:cobblestone":923},"minecraft:mined":{"minecraft:podzol":2,"minecraft:spruce_planks":3,"minecraft:grass_block":3,"minecraft:chest":1,"minecraft:cobblestone":26,"minecraft:copper_ore":1,"minecraft:tall_grass":14,"minecraft:spruce_leaves":3,"minecraft:wall_torch":4,"minecraft:deepslate_copper_ore":16,"minecraft:large_fern":1,"minecraft:mud":8,"minecraft:snow":4,"minecraft:spruce_log":15,"minecraft:grass":19,"minecraft:coal_ore":13,"minecraft:deepslate_iron_ore":13,"minecraft:lantern":1,"minecraft:gravel":1,"minecraft:dirt":55,"minecraft:stone":223,"minecraft:fern":3,"minecraft:deepslate":12},"minecraft:killed":{"born_in_chaos_v1:corpse_fly":1}},"DataVersion":3465}