{"stats":{"minecraft:crafted":{"minecraft:spruce_planks":40,"minecraft:stick":12,"minecraft:stone_pickaxe":2,"minecraft:chest":1,"minecraft:torch":52},"minecraft:custom":{"minecraft:interact_with_furnace":2,"minecraft:mob_kills":1,"minecraft:interact_with_crafting_table":4,"minecraft:open_barrel":8,"minecraft:time_since_death":45223,"minecraft:climb_one_cm":25680,"minecraft:time_since_rest":45316,"minecraft:sprint_one_cm":58363,"minecraft:damage_taken":258,"minecraft:walk_one_cm":429263,"minecraft:drop":9,"minecraft:damage_dealt":84,"minecraft:fly_one_cm":14648,"minecraft:player_kills":1,"minecraft:open_chest":18,"minecraft:crouch_one_cm":14870,"minecraft:play_time":53957,"minecraft:deaths":1,"minecraft:sneak_time":1915,"minecraft:jump":263,"minecraft:walk_on_water_one_cm":1100,"minecraft:total_world_time":53957,"minecraft:fall_one_cm":1258},"minecraft:killed":{"born_in_chaos_v1:corpse_fly":1},"minecraft:killed_by":{"darkestsouls:hollow_longsword":1},"minecraft:broken":{"minecraft:stone_pickaxe":1},"minecraft:dropped":{"minecraft:stone_sword":1,"alexsmobs:animal_dictionary":1,"minecraft:carrot":1,"minecraft:torch":25,"minecraft:spruce_planks":1,"born_in_chaos_v1:intoxicating_dagger":1,"endrem:cold_eye":1,"minecraft:iron_axe":1},"minecraft:used":{"minecraft:stone_shovel":71,"minecraft:stone_pickaxe":242,"born_in_chaos_v1:intoxicating_decoction":1,"minecraft:spruce_planks":1,"minecraft:chest":2,"minecraft:torch":6,"minecraft:dirt":63,"minecraft:carrot":2,"minecraft:snowball":2,"minecraft:spruce_log":2,"minecraft:lantern":1,"minecraft:bread":2,"minecraft:cobblestone":45},"minecraft:picked_up":{"minecraft:mud":8,"born_in_chaos_v1:monster_flesh":1,"minecraft:nether_wart":2,"minecraft:potion":1,"minecraft:gunpowder":2,"minecraft:dirt":142,"minecraft:lantern":1,"minecraft:raw_copper":2,"minecraft:iron_axe":3,"born_in_chaos_v1:intoxicating_decoction":3,"minecraft:white_carpet":2,"born_in_chaos_v1:intoxicating_dagger":1,"minecraft:wheat_seeds":8,"minecraft:spruce_planks":4,"minecraft:stone_pickaxe":1,"minecraft:mossy_stone_bricks":1,"minecraft:chest":1,"minecraft:raw_iron":6,"minecraft:warped_fungus":3,"minecraft:torch":2,"minecraft:spruce_log":62,"minecraft:carrot":2,"alexsmobs:animal_dictionary":2,"minecraft:stone_sword":2,"minecraft:sugar":12,"minecraft:rotten_flesh":2,"minecraft:stone_shovel":1,"minecraft:bone_meal":1,"minecraft:bread":3,"minecraft:coal":13,"minecraft:snowball":5,"minecraft:cobblestone":199},"minecraft:mined":{"minecraft:podzol":2,"minecraft:spruce_planks":3,"minecraft:grass_block":3,"minecraft:chest":1,"minecraft:tall_grass":13,"minecraft:copper_ore":1,"minecraft:cobblestone":17,"minecraft:spruce_leaves":3,"minecraft:wall_torch":1,"minecraft:large_fern":1,"minecraft:mud":8,"minecraft:snow":4,"minecraft:spruce_log":15,"minecraft:grass":19,"minecraft:coal_ore":13,"minecraft:lantern":1,"minecraft:dirt":53,"minecraft:stone":205,"minecraft:fern":3}},"DataVersion":3465}