{"stats":{"minecraft:custom":{"minecraft:open_barrel":2,"minecraft:time_since_rest":5957,"minecraft:open_chest":3,"minecraft:crouch_one_cm":119,"minecraft:play_time":5957,"minecraft:sprint_one_cm":16470,"minecraft:damage_taken":68,"minecraft:walk_one_cm":66216,"minecraft:sneak_time":4,"minecraft:mob_kills":1,"minecraft:drop":2,"minecraft:jump":62,"minecraft:damage_dealt":84,"minecraft:time_since_death":5957,"minecraft:total_world_time":5957,"minecraft:fly_one_cm":2776,"minecraft:player_kills":1},"minecraft:killed":{"born_in_chaos_v1:corpse_fly":1},"minecraft:dropped":{"alexsmobs:animal_dictionary":1,"born_in_chaos_v1:intoxicating_dagger":1},"minecraft:used":{"minecraft:carrot":1},"minecraft:picked_up":{"born_in_chaos_v1:intoxicating_decoction":1,"minecraft:rotten_flesh":1,"born_in_chaos_v1:intoxicating_dagger":1,"minecraft:spruce_log":1,"alexsmobs:animal_dictionary":2,"minecraft:iron_axe":1}},"DataVersion":3465}