{"stats":{"minecraft:broken":{"minecraft:stone_pickaxe":2,"minecraft:iron_pickaxe":2},"minecraft:dropped":{"minecraft:wheat_seeds":8,"minecraft:cooked_beef":6,"minecraft:torch":33,"epicfight:stone_greatsword":2,"minecraft:flowering_azalea":1,"minecraft:iron_axe":1,"minecraft:bucket":1,"minecraft:bone":15,"minecraft:stone_sword":2,"alexsmobs:animal_dictionary":1,"minecraft:tuff":6,"minecraft:beetroot":3,"minecraft:chicken":3,"minecraft:iron_boots":1,"minecraft:carrot":11,"minecraft:leather_chestplate":1,"minecraft:shield":2,"minecraft:spruce_planks":1,"born_in_chaos_v1:diamond_termite_shard":1,"born_in_chaos_v1:intoxicating_dagger":1,"endrem:cold_eye":1,"minecraft:leather_leggings":2,"minecraft:beef":8},"minecraft:used":{"minecraft:stone_sword":1,"minecraft:stone_shovel":71,"born_in_chaos_v1:intoxicating_decoction":1,"minecraft:chest":2,"minecraft:spruce_planks":2,"minecraft:shield":53,"minecraft:cooked_chicken":1,"minecraft:iron_chestplate":3,"minecraft:torch":38,"minecraft:dirt":91,"minecraft:carrot":41,"minecraft:tuff":6,"minecraft:snowball":50,"minecraft:lantern":1,"minecraft:light_blue_bed":1,"epicfight:stone_greatsword":1,"minecraft:red_carpet":2,"minecraft:furnace":2,"minecraft:cooked_beef":1,"minecraft:calcite":1,"minecraft:water_bucket":15,"epicfight:iron_spear":95,"minecraft:spruce_door":3,"minecraft:stone_pickaxe":369,"minecraft:cobblestone_slab":2,"minecraft:glow_berries":3,"minecraft:crafting_table":1,"minecraft:campfire":1,"minecraft:spruce_log":2,"minecraft:bread":3,"minecraft:iron_pickaxe":372,"born_in_chaos_v1:smoked_monster_flesh":4,"minecraft:gravel":1,"minecraft:golden_helmet":1,"minecraft:stone_axe":1,"minecraft:cobblestone":255,"minecraft:bucket":15},"minecraft:crafted":{"minecraft:oak_planks":4,"minecraft:cobblestone_slab":6,"minecraft:bone_meal":3,"minecraft:iron_boots":2,"minecraft:stone_pickaxe":3,"minecraft:chest":1,"minecraft:spruce_planks":88,"minecraft:spruce_door":3,"epicfight:stone_greatsword":1,"minecraft:bucket":1,"minecraft:campfire":1,"minecraft:air":0,"minecraft:iron_chestplate":1,"minecraft:shield":1,"minecraft:stick":12,"minecraft:iron_pickaxe":2,"minecraft:iron_ingot":12,"minecraft:torch":52},"minecraft:killed_by":{"darkestsouls:cloaked_beast_patient":3,"born_in_chaos_v1:zombie_lumberjack":3,"born_in_chaos_v1:zombie_bruiser":1,"darkestsouls:sewer_centipede":1,"darkestsouls:leech":2,"cave_dweller:cave_dweller":2,"darkestsouls:hollow_longsword":1},"minecraft:custom":{"minecraft:mob_kills":19,"minecraft:interact_with_crafting_table":23,"minecraft:open_barrel":16,"minecraft:interact_with_campfire":8,"minecraft:damage_dealt_resisted":133,"minecraft:time_since_death":83223,"minecraft:climb_one_cm":89997,"minecraft:sprint_one_cm":704074,"minecraft:walk_one_cm":1565509,"minecraft:damage_blocked_by_shield":2285,"minecraft:drop":43,"minecraft:damage_dealt_absorbed":455,"minecraft:talked_to_villager":1,"minecraft:play_time":213690,"minecraft:deaths":14,"minecraft:sneak_time":10586,"minecraft:walk_under_water_one_cm":2971,"minecraft:jump":1410,"minecraft:walk_on_water_one_cm":6266,"minecraft:total_world_time":213690,"minecraft:interact_with_furnace":22,"minecraft:sleep_in_bed":1,"minecraft:time_since_rest":36860,"minecraft:damage_taken":3290,"minecraft:damage_dealt":4131,"minecraft:fly_one_cm":133434,"minecraft:player_kills":2,"minecraft:open_chest":156,"minecraft:crouch_one_cm":67174,"minecraft:fall_one_cm":10855},"minecraft:mined":{"darkestsouls:siderite_ore":1,"minecraft:tuff":8,"minecraft:spruce_planks":4,"born_in_chaos_v1:infected_diamond_ore":3,"minecraft:cave_vines_plant":2,"minecraft:grass_block":3,"minecraft:spruce_leaves":3,"minecraft:moss_block":1,"minecraft:large_fern":1,"minecraft:carrots":8,"minecraft:cobbled_deepslate":3,"minecraft:iron_ore":14,"minecraft:snow":4,"minecraft:deepslate_lapis_ore":4,"minecraft:cave_vines":2,"minecraft:vine":2,"minecraft:deepslate_iron_ore":13,"minecraft:lantern":1,"minecraft:stone":370,"minecraft:podzol":2,"minecraft:deepslate_redstone_ore":2,"minecraft:clay":15,"minecraft:torch":3,"minecraft:chest":1,"minecraft:tall_grass":15,"minecraft:copper_ore":12,"minecraft:cobblestone":56,"minecraft:deepslate_gold_ore":7,"minecraft:wall_torch":6,"minecraft:deepslate_copper_ore":16,"minecraft:light_blue_bed":1,"minecraft:mud":8,"minecraft:ice":1,"minecraft:spruce_log":15,"minecraft:grass":23,"minecraft:coal_ore":13,"minecraft:gravel":11,"minecraft:dirt":90,"minecraft:deepslate":179,"minecraft:fern":3},"minecraft:picked_up":{"born_in_chaos_v1:diamond_termite_shard":4,"minecraft:mud":8,"minecraft:charcoal":7,"minecraft:crafting_table":2,"minecraft:iron_chestplate":2,"born_in_chaos_v1:smoked_monster_flesh":8,"minecraft:chicken":3,"minecraft:nether_wart":2,"minecraft:clay_ball":60,"minecraft:leather_leggings":1,"minecraft:potion":1,"alexsmobs:froststalker_horn":1,"minecraft:shield":7,"minecraft:amethyst_block":36,"darkestsouls:beast_blood_clump":1,"minecraft:string":6,"minecraft:raw_copper":235,"minecraft:iron_axe":5,"minecraft:flint_and_steel":3,"born_in_chaos_v1:intoxicating_decoction":3,"minecraft:white_carpet":2,"darkestsouls:rune_fragment":2,"minecraft:cobbled_deepslate":256,"minecraft:bucket":6,"minecraft:spruce_planks":6,"minecraft:beef":8,"born_in_chaos_v1:gnawed_bones":2,"minecraft:cobblestone_slab":13,"minecraft:calcite":22,"minecraft:iron_pickaxe":6,"minecraft:chest":1,"minecraft:iron_boots":1,"minecraft:furnace":2,"minecraft:golden_helmet":3,"minecraft:stick":33,"minecraft:raw_iron":61,"minecraft:torch":158,"minecraft:spruce_stairs":2,"minecraft:snow_block":64,"born_in_chaos_v1:pieceofdarkmetal":2,"minecraft:carrot":56,"minecraft:redstone":9,"minecraft:light_blue_bed":1,"minecraft:rotten_flesh":14,"minecraft:stone_sword":12,"minecraft:arrow":2,"minecraft:stone_shovel":2,"minecraft:glow_berries":2,"minecraft:snowball":53,"minecraft:cobblestone":1216,"minecraft:leather_chestplate":1,"born_in_chaos_v1:monster_flesh":15,"minecraft:jungle_log":2,"minecraft:flint":3,"darkestsouls:cinnabar":14,"minecraft:tuff":14,"minecraft:oak_log":1,"minecraft:gunpowder":2,"minecraft:cobblestone_stairs":3,"minecraft:lapis_lazuli":52,"minecraft:dirt":175,"minecraft:lantern":1,"born_in_chaos_v1:monster_skin":12,"minecraft:bone":24,"minecraft:red_carpet":2,"born_in_chaos_v1:intoxicating_dagger":2,"minecraft:stone_bricks":8,"minecraft:wheat_seeds":8,"minecraft:raw_gold":7,"minecraft:stone_pickaxe":8,"minecraft:iron_ingot":16,"minecraft:mossy_stone_bricks":1,"darkestsouls:blood_stone_fragment":2,"minecraft:moss_block":7,"minecraft:mangrove_planks":10,"minecraft:flowering_azalea":1,"minecraft:stone_hoe":1,"minecraft:warped_fungus":3,"minecraft:smooth_basalt":54,"epicfight:stone_greatsword":6,"epicfight:iron_spear":2,"minecraft:gravel":14,"minecraft:amethyst_shard":4,"born_in_chaos_v1:fangofthe_hound_leader":3,"minecraft:dark_oak_log":1,"minecraft:spruce_log":64,"alexsmobs:animal_dictionary":2,"darkestsouls:siderite_fragment":10,"minecraft:sugar":12,"minecraft:stone_axe":2,"minecraft:bone_meal":6,"minecraft:bread":3,"darkestsouls:small_soul_fragment":4,"minecraft:coal":13},"minecraft:killed":{"born_in_chaos_v1:zombie_lumberjack":1,"darkestsouls:leech":1,"alexsmobs:froststalker":4,"minecraft:skeleton":1,"darkestsouls:beast_patient":3,"born_in_chaos_v1:diamond_termite":3,"minecraft:zombie":1,"born_in_chaos_v1:dread_hound":2,"born_in_chaos_v1:corpse_fly":1,"darkestsouls:cloaked_beast_patient":1}},"DataVersion":3465}