{"stats":{"minecraft:custom":{"minecraft:time_since_rest":21316,"minecraft:interact_with_furnace":2,"minecraft:sprint_one_cm":46646,"minecraft:damage_taken":258,"minecraft:walk_one_cm":259170,"minecraft:mob_kills":1,"minecraft:drop":6,"minecraft:damage_dealt":84,"minecraft:interact_with_crafting_table":1,"minecraft:player_kills":1,"minecraft:fly_one_cm":9385,"minecraft:open_barrel":3,"minecraft:open_chest":9,"minecraft:crouch_one_cm":454,"minecraft:play_time":29957,"minecraft:deaths":1,"minecraft:sneak_time":170,"minecraft:jump":186,"minecraft:time_since_death":21223,"minecraft:total_world_time":29957,"minecraft:climb_one_cm":12822,"minecraft:fall_one_cm":838},"minecraft:killed":{"born_in_chaos_v1:corpse_fly":1},"minecraft:killed_by":{"darkestsouls:hollow_longsword":1},"minecraft:dropped":{"minecraft:stone_sword":1,"alexsmobs:animal_dictionary":1,"minecraft:spruce_planks":1,"born_in_chaos_v1:intoxicating_dagger":1,"endrem:cold_eye":1,"minecraft:iron_axe":1},"minecraft:used":{"minecraft:bread":1,"minecraft:stone_pickaxe":64,"born_in_chaos_v1:intoxicating_decoction":1,"minecraft:chest":1,"minecraft:spruce_planks":1,"minecraft:torch":1,"minecraft:cobblestone":8,"minecraft:carrot":2,"minecraft:spruce_log":2},"minecraft:picked_up":{"minecraft:raw_iron":6,"minecraft:warped_fungus":3,"minecraft:nether_wart":2,"born_in_chaos_v1:monster_flesh":1,"minecraft:torch":1,"minecraft:potion":1,"minecraft:gunpowder":2,"minecraft:spruce_log":62,"minecraft:carrot":2,"alexsmobs:animal_dictionary":2,"minecraft:iron_axe":3,"born_in_chaos_v1:intoxicating_decoction":3,"minecraft:white_carpet":1,"minecraft:stone_sword":2,"minecraft:rotten_flesh":2,"minecraft:sugar":12,"born_in_chaos_v1:intoxicating_dagger":1,"minecraft:wheat_seeds":7,"minecraft:spruce_planks":4,"minecraft:stone_pickaxe":1,"minecraft:bone_meal":1,"minecraft:bread":3,"minecraft:mossy_stone_bricks":1,"minecraft:chest":1,"minecraft:coal":8,"minecraft:cobblestone":53},"minecraft:mined":{"minecraft:large_fern":1,"minecraft:spruce_planks":3,"minecraft:spruce_log":15,"minecraft:grass":18,"minecraft:coal_ore":9,"minecraft:chest":1,"minecraft:tall_grass":13,"minecraft:spruce_leaves":3,"minecraft:stone":55,"minecraft:fern":3}},"DataVersion":3465}