{"stats":{"minecraft:killed":{"darkestsouls:church_doctor":1,"born_in_chaos_v1:zombie_lumberjack":1,"minecraft:spider":1,"darkestsouls:leech":1,"alexsmobs:froststalker":4,"minecraft:skeleton":3,"darkestsouls:hollow_broken_straightsword":1,"darkestsouls:skeleton_falchion":1,"darkestsouls:beast_patient":4,"darkestsouls:church_doctor_lantern":2,"born_in_chaos_v1:diamond_termite":3,"alexsmobs:cockroach":1,"minecraft:zombie":5,"born_in_chaos_v1:dread_hound":2,"born_in_chaos_v1:corpse_fly":1,"darkestsouls:cloaked_beast_patient":3,"darkestsouls:skeleton_swordsman_twin_shotels":1},"minecraft:picked_up":{"born_in_chaos_v1:diamond_termite_shard":4,"minecraft:charcoal":7,"minecraft:mud":8,"minecraft:crafting_table":2,"minecraft:iron_chestplate":7,"minecraft:wheat":8,"minecraft:nether_wart":2,"born_in_chaos_v1:smoked_monster_flesh":12,"minecraft:chicken":3,"minecraft:clay_ball":88,"minecraft:leather_leggings":1,"minecraft:wooden_pickaxe":6,"minecraft:potion":1,"alexsmobs:froststalker_horn":1,"minecraft:shield":13,"darkestsouls:beast_blood_clump":4,"minecraft:amethyst_block":36,"minecraft:iron_leggings":2,"minecraft:moss_carpet":2,"minecraft:string":6,"minecraft:raw_copper":247,"minecraft:iron_axe":5,"minecraft:flint_and_steel":3,"born_in_chaos_v1:intoxicating_decoction":3,"minecraft:white_carpet":2,"darkestsouls:rune_fragment":4,"minecraft:cobbled_deepslate":1365,"minecraft:bucket":6,"minecraft:spruce_planks":61,"minecraft:beef":8,"minecraft:cobblestone_slab":13,"born_in_chaos_v1:gnawed_bones":2,"minecraft:calcite":22,"minecraft:iron_pickaxe":12,"minecraft:chest":1,"minecraft:iron_boots":4,"minecraft:furnace":2,"minecraft:golden_helmet":3,"minecraft:stick":112,"minecraft:raw_iron":112,"darkestsouls:soul_fragment":3,"minecraft:torch":165,"epicfight:skillbook":1,"minecraft:spruce_stairs":2,"minecraft:snow_block":64,"born_in_chaos_v1:pieceofdarkmetal":2,"minecraft:carrot":222,"minecraft:redstone":61,"minecraft:light_blue_bed":1,"minecraft:stone_sword":20,"minecraft:arrow":24,"minecraft:rotten_flesh":24,"minecraft:stone_shovel":2,"darkestsouls:titanite_fragment":3,"minecraft:glow_berries":9,"minecraft:snowball":53,"minecraft:cobblestone":2504,"born_in_chaos_v1:staffof_magic_arrows":1,"epicfight:stone_spear":2,"minecraft:leather_chestplate":1,"minecraft:cooked_beef":2,"born_in_chaos_v1:monster_flesh":15,"minecraft:jungle_log":2,"minecraft:flint":9,"darkestsouls:cinnabar":85,"minecraft:tuff":72,"minecraft:oak_log":1,"minecraft:gunpowder":2,"minecraft:cobblestone_stairs":3,"skilltree:gem":19,"minecraft:lapis_lazuli":133,"minecraft:dirt":175,"minecraft:lantern":1,"born_in_chaos_v1:monster_skin":12,"minecraft:red_carpet":2,"minecraft:bone":30,"born_in_chaos_v1:intoxicating_dagger":3,"minecraft:stone_bricks":11,"minecraft:wheat_seeds":34,"minecraft:raw_gold":33,"born_in_chaos_v1:smoked_flesh":12,"minecraft:iron_ingot":16,"minecraft:stone_pickaxe":20,"minecraft:cooked_chicken":1,"minecraft:mossy_stone_bricks":1,"darkestsouls:blood_stone_fragment":3,"minecraft:moss_block":25,"minecraft:mangrove_planks":10,"minecraft:stone_hoe":1,"minecraft:flowering_azalea":2,"minecraft:smooth_basalt":54,"minecraft:warped_fungus":3,"minecraft:cooked_porkchop":1,"epicfight:stone_greatsword":6,"epicfight:iron_spear":2,"minecraft:gravel":30,"minecraft:amethyst_shard":4,"minecraft:spruce_door":5,"born_in_chaos_v1:fangofthe_hound_leader":3,"minecraft:spruce_log":64,"minecraft:dark_oak_log":1,"alexsmobs:animal_dictionary":2,"epicfight:diamond_tachi":4,"darkestsouls:siderite_fragment":16,"minecraft:sugar":12,"minecraft:diamond":8,"minecraft:stone_axe":2,"minecraft:iron_helmet":3,"minecraft:bone_meal":6,"minecraft:bread":7,"darkestsouls:small_soul_fragment":4,"minecraft:coal":85},"minecraft:broken":{"minecraft:leather_leggings":1,"epicfight:iron_spear":1,"minecraft:leather_chestplate":1,"minecraft:wooden_pickaxe":2,"minecraft:stone_pickaxe":4,"minecraft:shield":1,"minecraft:iron_pickaxe":4},"minecraft:dropped":{"minecraft:iron_ingot":7,"minecraft:wheat_seeds":8,"minecraft:cooked_beef":6,"minecraft:cobblestone":15,"minecraft:glow_berries":1,"epicfight:stone_spear":1,"minecraft:coal":12,"minecraft:stick":12,"minecraft:torch":33,"epicfight:stone_greatsword":5,"minecraft:flowering_azalea":1,"minecraft:iron_axe":1,"born_in_chaos_v1:staffof_magic_arrows":1,"minecraft:iron_pickaxe":2,"minecraft:bucket":2,"minecraft:bone":15,"epicfight:iron_spear":1,"minecraft:stone_sword":5,"alexsmobs:animal_dictionary":1,"minecraft:tuff":6,"epicfight:diamond_tachi":1,"minecraft:raw_iron":2,"minecraft:beetroot":3,"minecraft:chicken":3,"born_in_chaos_v1:smoked_monster_flesh":2,"minecraft:rotten_flesh":2,"minecraft:iron_boots":1,"minecraft:carrot":50,"minecraft:leather_chestplate":2,"minecraft:shield":5,"minecraft:spruce_planks":1,"born_in_chaos_v1:diamond_termite_shard":1,"born_in_chaos_v1:intoxicating_dagger":2,"endrem:cold_eye":1,"minecraft:leather_leggings":2,"minecraft:beef":8},"minecraft:crafted":{"minecraft:oak_planks":4,"minecraft:cobblestone_slab":6,"minecraft:bone_meal":6,"minecraft:spruce_fence":3,"minecraft:iron_boots":3,"minecraft:stone_pickaxe":10,"minecraft:chest":1,"minecraft:diamond_sword":1,"minecraft:spruce_planks":196,"minecraft:iron_helmet":1,"minecraft:spruce_door":3,"epicfight:stone_greatsword":3,"minecraft:bucket":2,"minecraft:campfire":1,"minecraft:air":0,"minecraft:iron_chestplate":2,"minecraft:shield":5,"born_in_chaos_v1:smoked_flesh":4,"minecraft:stick":84,"minecraft:iron_pickaxe":7,"minecraft:iron_ingot":63,"minecraft:iron_leggings":1,"epicfight:diamond_tachi":4,"minecraft:torch":52},"minecraft:mined":{"darkestsouls:siderite_ore":3,"minecraft:tuff":45,"minecraft:spruce_planks":4,"minecraft:deepslate_diamond_ore":8,"born_in_chaos_v1:infected_diamond_ore":3,"minecraft:glow_lichen":2,"minecraft:cave_vines_plant":12,"minecraft:grass_block":3,"darkestsouls:deepslate_siderite_ore":4,"minecraft:spruce_leaves":3,"minecraft:moss_block":17,"minecraft:large_fern":1,"minecraft:carrots":13,"minecraft:iron_ore":36,"minecraft:cobbled_deepslate":17,"minecraft:snow":4,"minecraft:moss_carpet":2,"minecraft:deepslate_lapis_ore":12,"minecraft:vine":12,"minecraft:deepslate_iron_ore":40,"minecraft:cave_vines":9,"minecraft:lantern":1,"minecraft:stone":862,"minecraft:podzol":2,"minecraft:deepslate_redstone_ore":13,"minecraft:spruce_door":2,"minecraft:clay":21,"minecraft:torch":7,"minecraft:chest":1,"minecraft:cobblestone":94,"minecraft:copper_ore":16,"minecraft:tall_grass":17,"minecraft:lapis_ore":4,"minecraft:deepslate_gold_ore":33,"minecraft:wall_torch":8,"minecraft:deepslate_copper_ore":17,"minecraft:light_blue_bed":1,"minecraft:mud":8,"minecraft:wheat":5,"minecraft:ice":1,"minecraft:spruce_log":15,"minecraft:grass":27,"minecraft:coal_ore":57,"darkestsouls:cinnabar_ore":5,"minecraft:gravel":19,"minecraft:dirt":90,"darkestsouls:deepslate_cinnabar_ore":45,"minecraft:deepslate":635,"minecraft:fern":3},"minecraft:used":{"minecraft:stone_sword":64,"minecraft:stone_shovel":71,"born_in_chaos_v1:intoxicating_decoction":1,"minecraft:chest":2,"minecraft:spruce_planks":2,"minecraft:shield":98,"minecraft:cooked_chicken":9,"minecraft:iron_chestplate":5,"minecraft:torch":43,"minecraft:dirt":91,"minecraft:carrot":98,"minecraft:tuff":11,"minecraft:spruce_fence":2,"minecraft:snowball":50,"born_in_chaos_v1:smoked_flesh":19,"minecraft:lantern":1,"minecraft:iron_helmet":2,"minecraft:iron_boots":2,"minecraft:light_blue_bed":1,"epicfight:diamond_tachi":29,"epicfight:stone_greatsword":51,"minecraft:red_carpet":2,"minecraft:furnace":2,"minecraft:cooked_beef":3,"minecraft:cobbled_deepslate":70,"minecraft:iron_leggings":1,"minecraft:calcite":1,"epicfight:skillbook":1,"minecraft:wheat_seeds":5,"minecraft:water_bucket":15,"epicfight:iron_spear":252,"minecraft:spruce_door":5,"minecraft:stone_pickaxe":736,"minecraft:wooden_pickaxe":91,"minecraft:cobblestone_slab":2,"minecraft:glow_berries":9,"minecraft:crafting_table":1,"minecraft:campfire":1,"epicfight:stone_spear":1,"minecraft:spruce_log":2,"minecraft:bread":8,"minecraft:iron_pickaxe":1214,"born_in_chaos_v1:smoked_monster_flesh":7,"minecraft:gravel":2,"minecraft:golden_helmet":1,"minecraft:stone_axe":1,"minecraft:cobblestone":469,"minecraft:cooked_porkchop":2,"minecraft:bucket":15},"minecraft:killed_by":{"born_in_chaos_v1:nightmare_stalker":1,"darkestsouls:cloaked_beast_patient":3,"born_in_chaos_v1:zombie_lumberjack":3,"born_in_chaos_v1:zombie_bruiser":1,"darkestsouls:sewer_centipede":1,"darkestsouls:leech":2,"cave_dweller:cave_dweller":3,"darkestsouls:hollow_longsword":1},"minecraft:custom":{"minecraft:interact_with_smithing_table":6,"minecraft:mob_kills":38,"minecraft:interact_with_crafting_table":52,"minecraft:open_barrel":16,"minecraft:interact_with_campfire":13,"minecraft:damage_dealt_resisted":619,"minecraft:leave_game":1,"minecraft:time_since_death":10690,"minecraft:climb_one_cm":171098,"minecraft:sprint_one_cm":1171585,"minecraft:walk_one_cm":3300735,"minecraft:damage_blocked_by_shield":5185,"minecraft:drop":103,"minecraft:damage_dealt_absorbed":457,"minecraft:talked_to_villager":2,"minecraft:sneak_time":21666,"minecraft:play_time":441033,"minecraft:deaths":20,"minecraft:walk_under_water_one_cm":15317,"minecraft:jump":3116,"minecraft:walk_on_water_one_cm":17666,"minecraft:total_world_time":441033,"minecraft:interact_with_furnace":97,"minecraft:sleep_in_bed":2,"minecraft:time_since_rest":10732,"minecraft:damage_taken":5989,"minecraft:damage_dealt":11915,"minecraft:swim_one_cm":2309,"minecraft:fly_one_cm":203280,"minecraft:player_kills":4,"minecraft:open_chest":390,"minecraft:crouch_one_cm":119238,"minecraft:interact_with_smoker":13,"minecraft:fall_one_cm":22681}},"DataVersion":3465}