{"stats":{"minecraft:killed":{"darkestsouls:church_doctor":1,"born_in_chaos_v1:zombie_lumberjack":1,"darkestsouls:leech":1,"alexsmobs:froststalker":4,"minecraft:skeleton":3,"darkestsouls:beast_patient":4,"darkestsouls:church_doctor_lantern":2,"born_in_chaos_v1:diamond_termite":3,"alexsmobs:cockroach":1,"minecraft:zombie":2,"born_in_chaos_v1:dread_hound":2,"born_in_chaos_v1:corpse_fly":1,"darkestsouls:cloaked_beast_patient":3,"darkestsouls:skeleton_swordsman_twin_shotels":1},"minecraft:picked_up":{"born_in_chaos_v1:diamond_termite_shard":4,"minecraft:charcoal":7,"minecraft:mud":8,"minecraft:crafting_table":2,"minecraft:iron_chestplate":2,"minecraft:wheat":4,"minecraft:nether_wart":2,"born_in_chaos_v1:smoked_monster_flesh":12,"minecraft:chicken":3,"minecraft:clay_ball":64,"minecraft:leather_leggings":1,"minecraft:potion":1,"alexsmobs:froststalker_horn":1,"minecraft:shield":7,"darkestsouls:beast_blood_clump":4,"minecraft:amethyst_block":36,"minecraft:string":6,"minecraft:raw_copper":235,"minecraft:iron_axe":5,"minecraft:flint_and_steel":3,"born_in_chaos_v1:intoxicating_decoction":3,"minecraft:white_carpet":2,"darkestsouls:rune_fragment":4,"minecraft:cobbled_deepslate":489,"minecraft:bucket":6,"minecraft:spruce_planks":61,"minecraft:beef":8,"minecraft:cobblestone_slab":13,"born_in_chaos_v1:gnawed_bones":2,"minecraft:calcite":22,"minecraft:iron_pickaxe":6,"minecraft:chest":1,"minecraft:iron_boots":1,"minecraft:furnace":2,"minecraft:golden_helmet":3,"minecraft:stick":36,"minecraft:raw_iron":80,"minecraft:torch":161,"minecraft:spruce_stairs":2,"minecraft:snow_block":64,"born_in_chaos_v1:pieceofdarkmetal":2,"minecraft:carrot":119,"minecraft:redstone":23,"minecraft:light_blue_bed":1,"minecraft:stone_sword":14,"minecraft:arrow":5,"minecraft:rotten_flesh":14,"minecraft:stone_shovel":2,"darkestsouls:titanite_fragment":1,"minecraft:glow_berries":6,"minecraft:snowball":53,"minecraft:cobblestone":1303,"minecraft:leather_chestplate":1,"born_in_chaos_v1:monster_flesh":15,"minecraft:jungle_log":2,"minecraft:flint":5,"darkestsouls:cinnabar":28,"minecraft:tuff":52,"minecraft:oak_log":1,"minecraft:gunpowder":2,"minecraft:cobblestone_stairs":3,"skilltree:gem":6,"minecraft:lapis_lazuli":74,"minecraft:dirt":175,"minecraft:lantern":1,"born_in_chaos_v1:monster_skin":12,"minecraft:red_carpet":2,"minecraft:bone":25,"born_in_chaos_v1:intoxicating_dagger":3,"minecraft:stone_bricks":8,"minecraft:wheat_seeds":20,"minecraft:raw_gold":7,"born_in_chaos_v1:smoked_flesh":2,"minecraft:iron_ingot":16,"minecraft:stone_pickaxe":8,"minecraft:mossy_stone_bricks":1,"darkestsouls:blood_stone_fragment":3,"minecraft:moss_block":12,"minecraft:mangrove_planks":10,"minecraft:stone_hoe":1,"minecraft:flowering_azalea":2,"minecraft:smooth_basalt":54,"minecraft:warped_fungus":3,"minecraft:cooked_porkchop":1,"epicfight:stone_greatsword":6,"epicfight:iron_spear":2,"minecraft:gravel":19,"minecraft:amethyst_shard":4,"minecraft:spruce_door":3,"born_in_chaos_v1:fangofthe_hound_leader":3,"minecraft:spruce_log":64,"minecraft:dark_oak_log":1,"alexsmobs:animal_dictionary":2,"darkestsouls:siderite_fragment":10,"minecraft:sugar":12,"minecraft:diamond":6,"minecraft:stone_axe":2,"minecraft:bone_meal":6,"minecraft:bread":4,"darkestsouls:small_soul_fragment":4,"minecraft:coal":13},"minecraft:broken":{"minecraft:leather_leggings":1,"epicfight:iron_spear":1,"minecraft:leather_chestplate":1,"minecraft:stone_pickaxe":2,"minecraft:iron_pickaxe":3},"minecraft:dropped":{"minecraft:wheat_seeds":8,"minecraft:cooked_beef":6,"minecraft:glow_berries":1,"minecraft:torch":33,"epicfight:stone_greatsword":4,"minecraft:flowering_azalea":1,"minecraft:iron_axe":1,"minecraft:bucket":1,"minecraft:bone":15,"epicfight:iron_spear":1,"minecraft:stone_sword":3,"alexsmobs:animal_dictionary":1,"minecraft:tuff":6,"minecraft:beetroot":3,"minecraft:chicken":3,"born_in_chaos_v1:smoked_monster_flesh":2,"minecraft:iron_boots":1,"minecraft:carrot":34,"minecraft:leather_chestplate":2,"minecraft:shield":2,"minecraft:spruce_planks":1,"born_in_chaos_v1:diamond_termite_shard":1,"born_in_chaos_v1:intoxicating_dagger":2,"endrem:cold_eye":1,"minecraft:leather_leggings":2,"minecraft:beef":8},"minecraft:crafted":{"minecraft:oak_planks":4,"minecraft:cobblestone_slab":6,"minecraft:bone_meal":6,"minecraft:iron_boots":2,"minecraft:stone_pickaxe":3,"minecraft:chest":1,"minecraft:spruce_planks":112,"minecraft:spruce_door":3,"epicfight:stone_greatsword":2,"minecraft:bucket":1,"minecraft:campfire":1,"minecraft:air":0,"minecraft:iron_chestplate":2,"minecraft:shield":2,"born_in_chaos_v1:smoked_flesh":4,"minecraft:stick":16,"minecraft:iron_pickaxe":4,"minecraft:iron_ingot":24,"minecraft:torch":52},"minecraft:mined":{"darkestsouls:siderite_ore":1,"minecraft:tuff":45,"minecraft:spruce_planks":4,"minecraft:deepslate_diamond_ore":6,"born_in_chaos_v1:infected_diamond_ore":3,"minecraft:glow_lichen":2,"minecraft:cave_vines_plant":9,"minecraft:grass_block":3,"minecraft:spruce_leaves":3,"minecraft:moss_block":14,"minecraft:large_fern":1,"minecraft:carrots":13,"minecraft:iron_ore":16,"minecraft:cobbled_deepslate":10,"minecraft:snow":4,"minecraft:deepslate_lapis_ore":4,"minecraft:vine":11,"minecraft:deepslate_iron_ore":30,"minecraft:cave_vines":6,"minecraft:lantern":1,"minecraft:stone":425,"minecraft:podzol":2,"minecraft:deepslate_redstone_ore":5,"minecraft:spruce_door":2,"minecraft:clay":16,"minecraft:torch":4,"minecraft:chest":1,"minecraft:cobblestone":84,"minecraft:copper_ore":12,"minecraft:tall_grass":16,"minecraft:lapis_ore":3,"minecraft:deepslate_gold_ore":7,"minecraft:wall_torch":8,"minecraft:deepslate_copper_ore":16,"minecraft:light_blue_bed":1,"minecraft:mud":8,"minecraft:wheat":5,"minecraft:ice":1,"minecraft:spruce_log":15,"minecraft:grass":23,"minecraft:coal_ore":13,"darkestsouls:cinnabar_ore":3,"minecraft:gravel":18,"minecraft:dirt":90,"darkestsouls:deepslate_cinnabar_ore":4,"minecraft:deepslate":390,"minecraft:fern":3},"minecraft:used":{"minecraft:stone_sword":23,"minecraft:stone_shovel":71,"born_in_chaos_v1:intoxicating_decoction":1,"minecraft:chest":2,"minecraft:spruce_planks":2,"minecraft:shield":53,"minecraft:cooked_chicken":2,"minecraft:iron_chestplate":4,"minecraft:torch":40,"minecraft:dirt":91,"minecraft:carrot":66,"minecraft:tuff":11,"minecraft:snowball":50,"born_in_chaos_v1:smoked_flesh":3,"minecraft:lantern":1,"minecraft:light_blue_bed":1,"epicfight:stone_greatsword":51,"minecraft:red_carpet":2,"minecraft:furnace":2,"minecraft:cooked_beef":2,"minecraft:cobbled_deepslate":30,"minecraft:calcite":1,"minecraft:wheat_seeds":5,"minecraft:water_bucket":15,"epicfight:iron_spear":252,"minecraft:spruce_door":5,"minecraft:stone_pickaxe":410,"minecraft:wooden_pickaxe":45,"minecraft:cobblestone_slab":2,"minecraft:glow_berries":5,"minecraft:crafting_table":1,"minecraft:campfire":1,"minecraft:spruce_log":2,"minecraft:bread":4,"minecraft:iron_pickaxe":695,"born_in_chaos_v1:smoked_monster_flesh":7,"minecraft:gravel":1,"minecraft:golden_helmet":1,"minecraft:stone_axe":1,"minecraft:cobblestone":391,"minecraft:cooked_porkchop":2,"minecraft:bucket":15},"minecraft:killed_by":{"darkestsouls:cloaked_beast_patient":3,"born_in_chaos_v1:zombie_lumberjack":3,"born_in_chaos_v1:zombie_bruiser":1,"darkestsouls:sewer_centipede":1,"darkestsouls:leech":2,"cave_dweller:cave_dweller":2,"darkestsouls:hollow_longsword":1},"minecraft:custom":{"minecraft:mob_kills":30,"minecraft:interact_with_crafting_table":31,"minecraft:open_barrel":16,"minecraft:interact_with_campfire":13,"minecraft:damage_dealt_resisted":133,"minecraft:leave_game":1,"minecraft:time_since_death":79590,"minecraft:climb_one_cm":116751,"minecraft:sprint_one_cm":821739,"minecraft:walk_one_cm":2327649,"minecraft:damage_blocked_by_shield":2285,"minecraft:drop":54,"minecraft:damage_dealt_absorbed":457,"minecraft:talked_to_villager":2,"minecraft:sneak_time":19111,"minecraft:play_time":303033,"minecraft:deaths":15,"minecraft:walk_under_water_one_cm":8301,"minecraft:jump":1995,"minecraft:walk_on_water_one_cm":12311,"minecraft:total_world_time":303033,"minecraft:interact_with_furnace":47,"minecraft:sleep_in_bed":2,"minecraft:time_since_rest":52938,"minecraft:damage_taken":4182,"minecraft:damage_dealt":8467,"minecraft:swim_one_cm":2309,"minecraft:fly_one_cm":142637,"minecraft:player_kills":4,"minecraft:open_chest":249,"minecraft:crouch_one_cm":107235,"minecraft:interact_with_smoker":4,"minecraft:fall_one_cm":12440}},"DataVersion":3465}