{"stats":{"minecraft:broken":{"minecraft:stone_pickaxe":2},"minecraft:dropped":{"minecraft:stone_sword":1,"alexsmobs:animal_dictionary":1,"minecraft:carrot":1,"minecraft:torch":25,"minecraft:spruce_planks":1,"born_in_chaos_v1:intoxicating_dagger":1,"endrem:cold_eye":1,"minecraft:iron_axe":1},"minecraft:crafted":{"minecraft:oak_planks":4,"minecraft:spruce_planks":40,"minecraft:bucket":1,"epicfight:stone_greatsword":1,"minecraft:air":0,"minecraft:iron_chestplate":1,"minecraft:iron_boots":1,"minecraft:shield":1,"minecraft:stick":12,"minecraft:iron_ingot":12,"minecraft:iron_pickaxe":1,"minecraft:stone_pickaxe":2,"minecraft:chest":1,"minecraft:torch":52},"minecraft:used":{"minecraft:calcite":1,"minecraft:water_bucket":13,"minecraft:stone_sword":1,"minecraft:stone_shovel":71,"minecraft:stone_pickaxe":356,"born_in_chaos_v1:intoxicating_decoction":1,"minecraft:spruce_planks":2,"minecraft:chest":2,"minecraft:shield":1,"minecraft:iron_chestplate":3,"minecraft:torch":20,"minecraft:dirt":89,"minecraft:carrot":2,"minecraft:snowball":2,"minecraft:spruce_log":2,"minecraft:lantern":1,"minecraft:bread":3,"minecraft:gravel":1,"epicfight:stone_greatsword":1,"minecraft:golden_helmet":1,"minecraft:stone_axe":1,"minecraft:cobblestone":101,"minecraft:bucket":14},"minecraft:killed_by":{"darkestsouls:leech":2,"darkestsouls:cloaked_beast_patient":3,"born_in_chaos_v1:zombie_lumberjack":3,"born_in_chaos_v1:zombie_bruiser":1,"darkestsouls:sewer_centipede":1,"cave_dweller:cave_dweller":1,"darkestsouls:hollow_longsword":1},"minecraft:custom":{"minecraft:interact_with_furnace":16,"minecraft:mob_kills":1,"minecraft:interact_with_crafting_table":15,"minecraft:open_barrel":8,"minecraft:damage_dealt_resisted":1,"minecraft:time_since_death":5222,"minecraft:climb_one_cm":66616,"minecraft:time_since_rest":5252,"minecraft:sprint_one_cm":439339,"minecraft:damage_taken":1534,"minecraft:walk_one_cm":931181,"minecraft:damage_blocked_by_shield":60,"minecraft:drop":9,"minecraft:damage_dealt":266,"minecraft:player_kills":1,"minecraft:fly_one_cm":98072,"minecraft:open_chest":58,"minecraft:crouch_one_cm":31976,"minecraft:play_time":123690,"minecraft:deaths":13,"minecraft:sneak_time":4437,"minecraft:jump":978,"minecraft:walk_on_water_one_cm":1524,"minecraft:total_world_time":123690,"minecraft:fall_one_cm":7644},"minecraft:picked_up":{"minecraft:mud":8,"minecraft:iron_chestplate":2,"minecraft:nether_wart":2,"born_in_chaos_v1:monster_flesh":4,"minecraft:potion":1,"darkestsouls:cinnabar":14,"minecraft:oak_log":1,"minecraft:shield":4,"minecraft:gunpowder":2,"minecraft:amethyst_block":36,"minecraft:string":6,"minecraft:dirt":166,"minecraft:lantern":1,"minecraft:raw_copper":207,"minecraft:iron_axe":5,"minecraft:flint_and_steel":2,"born_in_chaos_v1:monster_skin":3,"born_in_chaos_v1:intoxicating_decoction":3,"minecraft:white_carpet":2,"born_in_chaos_v1:intoxicating_dagger":1,"minecraft:stone_bricks":8,"minecraft:wheat_seeds":8,"minecraft:cobbled_deepslate":24,"minecraft:bucket":4,"minecraft:spruce_planks":6,"minecraft:iron_ingot":16,"minecraft:stone_pickaxe":8,"minecraft:calcite":22,"minecraft:mossy_stone_bricks":1,"minecraft:iron_pickaxe":4,"minecraft:mangrove_planks":10,"minecraft:chest":1,"minecraft:golden_helmet":3,"minecraft:stick":6,"minecraft:raw_iron":61,"minecraft:smooth_basalt":54,"minecraft:warped_fungus":3,"epicfight:stone_greatsword":3,"minecraft:torch":136,"minecraft:gravel":1,"minecraft:amethyst_shard":4,"born_in_chaos_v1:pieceofdarkmetal":2,"minecraft:spruce_log":64,"minecraft:carrot":9,"alexsmobs:animal_dictionary":2,"minecraft:arrow":2,"minecraft:sugar":12,"minecraft:stone_sword":10,"minecraft:stone_shovel":1,"minecraft:rotten_flesh":12,"minecraft:stone_axe":1,"minecraft:bone_meal":6,"minecraft:bread":3,"minecraft:coal":13,"minecraft:snowball":5,"minecraft:cobblestone":970},"minecraft:mined":{"minecraft:podzol":2,"minecraft:spruce_planks":4,"minecraft:torch":1,"minecraft:grass_block":3,"minecraft:chest":1,"minecraft:cobblestone":27,"minecraft:copper_ore":6,"minecraft:tall_grass":14,"minecraft:spruce_leaves":3,"minecraft:wall_torch":4,"minecraft:deepslate_copper_ore":16,"minecraft:large_fern":1,"minecraft:mud":8,"minecraft:ice":1,"minecraft:iron_ore":14,"minecraft:snow":4,"minecraft:spruce_log":15,"minecraft:grass":19,"minecraft:coal_ore":13,"minecraft:deepslate_iron_ore":13,"minecraft:lantern":1,"minecraft:gravel":1,"minecraft:dirt":82,"minecraft:stone":247,"minecraft:fern":3,"minecraft:deepslate":12},"minecraft:killed":{"born_in_chaos_v1:corpse_fly":1}},"DataVersion":3465}