{"stats":{"minecraft:broken":{"minecraft:stone_pickaxe":5},"minecraft:dropped":{"born_in_chaos_v1:ethereal_spirit":1,"minecraft:dirt":85,"born_in_chaos_v1:intoxicating_dagger":1},"minecraft:crafted":{"minecraft:wooden_sword":1,"minecraft:crafting_table":1,"minecraft:spruce_planks":8,"minecraft:wooden_pickaxe":1,"minecraft:furnace":1,"minecraft:mangrove_planks":28,"minecraft:stone_axe":3,"minecraft:charcoal":3,"minecraft:stick":36,"minecraft:iron_ingot":9,"minecraft:iron_pickaxe":1,"minecraft:stone_pickaxe":8,"minecraft:stone_sword":2,"minecraft:snow_block":24,"minecraft:torch":12},"minecraft:used":{"minecraft:beetroot":4,"minecraft:stone_sword":5,"minecraft:stone_pickaxe":808,"minecraft:mangrove_planks":5,"minecraft:wooden_pickaxe":37,"minecraft:torch":12,"minecraft:crafting_table":1,"minecraft:carrot":5,"minecraft:iron_pickaxe":41,"minecraft:stone_axe":7,"minecraft:wooden_sword":8,"minecraft:cobblestone":129,"minecraft:furnace":1},"minecraft:killed_by":{"minecraft:player":2,"darkestsouls:cloaked_beast_patient":1,"born_in_chaos_v1:zombie_lumberjack":1,"darkestsouls:sewer_centipede":1},"minecraft:custom":{"minecraft:interact_with_furnace":7,"minecraft:mob_kills":2,"minecraft:interact_with_crafting_table":14,"minecraft:open_barrel":17,"minecraft:damage_dealt_resisted":40,"minecraft:leave_game":2,"minecraft:time_since_death":18829,"minecraft:climb_one_cm":50663,"minecraft:time_since_rest":18862,"minecraft:sprint_one_cm":123045,"minecraft:damage_taken":730,"minecraft:walk_one_cm":310445,"minecraft:drop":5,"minecraft:damage_dealt":441,"minecraft:damage_dealt_absorbed":2,"minecraft:fly_one_cm":95590,"minecraft:open_chest":10,"minecraft:crouch_one_cm":1653,"minecraft:play_time":63321,"minecraft:deaths":5,"minecraft:sneak_time":832,"minecraft:jump":399,"minecraft:walk_on_water_one_cm":1504,"minecraft:total_world_time":63321,"minecraft:fall_one_cm":5746},"minecraft:mined":{"minecraft:medium_amethyst_bud":1,"minecraft:amethyst_cluster":1,"minecraft:torch":2,"minecraft:budding_amethyst":2,"minecraft:calcite":43,"minecraft:cobblestone":36,"minecraft:copper_ore":13,"minecraft:amethyst_block":28,"minecraft:iron_ore":9,"minecraft:spruce_log":1,"minecraft:mangrove_planks":2,"minecraft:infested_mossy_stone_bricks":1,"darkestsouls:cinnabar_ore":8,"minecraft:small_amethyst_bud":1,"minecraft:cobweb":1,"minecraft:mangrove_log":11,"minecraft:smooth_basalt":45,"minecraft:stone":660,"minecraft:stone_bricks":15,"minecraft:infested_stone":1},"minecraft:picked_up":{"born_in_chaos_v1:monster_flesh":1,"darkestsouls:cinnabar":13,"minecraft:amethyst_block":23,"minecraft:dirt":85,"minecraft:string":2,"minecraft:raw_copper":79,"minecraft:iron_axe":3,"minecraft:white_carpet":1,"minecraft:bone":5,"born_in_chaos_v1:intoxicating_dagger":1,"minecraft:beetroot":3,"minecraft:stone_bricks":15,"minecraft:cobbled_deepslate":12,"minecraft:bucket":1,"minecraft:iron_ingot":8,"minecraft:stone_pickaxe":1,"minecraft:calcite":39,"minecraft:iron_pickaxe":2,"minecraft:mangrove_planks":22,"minecraft:oak_planks":3,"minecraft:mangrove_log":17,"minecraft:iron_boots":1,"minecraft:stick":1,"minecraft:raw_iron":16,"minecraft:smooth_basalt":73,"minecraft:torch":36,"born_in_chaos_v1:ethereal_spirit":1,"minecraft:amethyst_shard":4,"minecraft:spruce_log":3,"minecraft:carrot":8,"minecraft:dark_oak_log":2,"minecraft:stone_sword":6,"minecraft:stone_shovel":1,"minecraft:rotten_flesh":2,"minecraft:bone_meal":10,"minecraft:cobblestone":987},"minecraft:killed":{"minecraft:bat":1,"minecraft:silverfish":1}},"DataVersion":3465}