{"stats":{"minecraft:killed":{"darkestsouls:church_doctor":1,"darkestsouls:skeleton_curved_swords":1,"born_in_chaos_v1:siamese_skeletonsright":1,"born_in_chaos_v1:zombie_bruiser":1,"born_in_chaos_v1:dire_hound_leader":1,"darkestsouls:beast_patient":1,"minecraft:silverfish":2,"darkestsouls:hollow_longsword":1,"minecraft:bat":1,"born_in_chaos_v1:decrepit_skeleton":1,"darkestsouls:skeleton_spear":2,"minecraft:zombie":4,"born_in_chaos_v1:dread_hound":3,"born_in_chaos_v1:corpse_fly":1,"born_in_chaos_v1:siamese_skeletonsleft":1},"minecraft:picked_up":{"minecraft:wheat":10,"minecraft:charcoal":80,"born_in_chaos_v1:diamond_termite_shard":1,"minecraft:crafting_table":9,"minecraft:iron_chestplate":3,"minecraft:flower_pot":1,"minecraft:ladder":3,"born_in_chaos_v1:smoked_monster_flesh":1,"minecraft:chicken":3,"minecraft:clay_ball":92,"minecraft:leather_leggings":2,"minecraft:wooden_pickaxe":2,"minecraft:brewing_stand":1,"minecraft:shield":10,"darkestsouls:beast_blood_clump":4,"minecraft:amethyst_block":25,"minecraft:string":10,"minecraft:red_bed":3,"minecraft:moss_carpet":4,"minecraft:raw_copper":519,"minecraft:iron_axe":4,"minecraft:flint_and_steel":1,"minecraft:white_carpet":6,"minecraft:beetroot":3,"minecraft:cracked_stone_bricks":7,"minecraft:cobbled_deepslate":389,"minecraft:bucket":5,"minecraft:spruce_planks":265,"minecraft:beef":4,"minecraft:cobblestone_slab":26,"minecraft:calcite":43,"minecraft:spruce_slab":2,"minecraft:iron_pickaxe":10,"minecraft:chest":10,"minecraft:mangrove_log":393,"minecraft:iron_boots":6,"minecraft:furnace":17,"minecraft:stick":53,"minecraft:raw_iron":56,"darkestsouls:soul_fragment":1,"minecraft:copper_ingot":32,"minecraft:torch":229,"minecraft:spruce_stairs":3,"epicfight:skillbook":2,"minecraft:snow_block":54,"born_in_chaos_v1:pieceofdarkmetal":2,"minecraft:carrot":831,"minecraft:cauldron":5,"minecraft:cactus":1,"minecraft:stone_sword":10,"minecraft:arrow":8,"minecraft:rotten_flesh":33,"minecraft:stone_shovel":6,"minecraft:glow_berries":5,"minecraft:iron_bars":1,"minecraft:snowball":751,"minecraft:cobblestone":2803,"born_in_chaos_v1:fused_bone":2,"born_in_chaos_v1:staffof_magic_arrows":1,"born_in_chaos_v1:corpse_maggot":5,"epicfight:stone_spear":6,"minecraft:leather_chestplate":3,"minecraft:cooked_beef":7,"minecraft:golden_carrot":1,"born_in_chaos_v1:monster_flesh":5,"minecraft:water_bucket":2,"born_in_chaos_v1:spiritual_dust":5,"minecraft:golden_leggings":1,"minecraft:flint":4,"darkestsouls:cinnabar":96,"minecraft:tuff":12,"minecraft:cobblestone_stairs":6,"skilltree:gem":9,"minecraft:lapis_lazuli":75,"minecraft:dirt":222,"minecraft:lantern":2,"born_in_chaos_v1:monster_skin":5,"minecraft:red_carpet":3,"minecraft:bone":25,"born_in_chaos_v1:intoxicating_dagger":3,"minecraft:stone_bricks":51,"minecraft:wheat_seeds":93,"minecraft:spore_blossom":1,"minecraft:iron_ingot":8,"minecraft:stone_pickaxe":13,"minecraft:cooked_chicken":13,"minecraft:mossy_stone_bricks":25,"darkestsouls:blood_stone_fragment":4,"minecraft:stone_hoe":1,"minecraft:moss_block":9,"minecraft:mangrove_planks":25,"minecraft:oak_planks":3,"minecraft:flowering_azalea":5,"darkestsouls:bone_fragment":1,"minecraft:smooth_basalt":161,"minecraft:cooked_porkchop":4,"epicfight:stone_greatsword":12,"minecraft:chiseled_stone_bricks":7,"epicfight:iron_spear":2,"born_in_chaos_v1:ethereal_spirit":1,"minecraft:gravel":38,"minecraft:amethyst_shard":8,"minecraft:spruce_log":3,"minecraft:dark_oak_log":2,"minecraft:spruce_door":8,"minecraft:polished_andesite":1,"epicfight:diamond_tachi":1,"darkestsouls:siderite_fragment":15,"minecraft:stone_axe":11,"minecraft:iron_helmet":4,"minecraft:bone_meal":20,"minecraft:bread":2,"darkestsouls:small_soul_fragment":8,"minecraft:light_gray_carpet":3,"minecraft:coal":126},"minecraft:broken":{"minecraft:stone_pickaxe":13,"minecraft:iron_pickaxe":1,"minecraft:stone_shovel":1},"minecraft:dropped":{"minecraft:iron_helmet":2,"epicfight:stone_spear":1,"minecraft:cobblestone_stairs":3,"minecraft:dirt":85,"minecraft:golden_carrot":1,"minecraft:snowball":32,"epicfight:stone_greatsword":4,"minecraft:iron_pickaxe":2,"minecraft:string":2,"minecraft:bucket":1,"minecraft:cooked_chicken":1,"minecraft:stone_sword":1,"minecraft:cobbled_deepslate":170,"born_in_chaos_v1:ethereal_spirit":1,"epicfight:diamond_tachi":1,"born_in_chaos_v1:smoked_monster_flesh":1,"minecraft:iron_boots":1,"minecraft:carrot":92,"minecraft:iron_chestplate":1,"born_in_chaos_v1:intoxicating_dagger":2,"minecraft:stone_pickaxe":2,"minecraft:arrow":4,"minecraft:wooden_pickaxe":2},"minecraft:crafted":{"minecraft:wooden_sword":1,"minecraft:cobblestone_slab":18,"minecraft:stone_shovel":4,"minecraft:furnace":6,"minecraft:cobblestone_stairs":4,"farmersdelight:carrot_crate":1,"minecraft:stone_pickaxe":17,"minecraft:chest":10,"minecraft:dark_oak_planks":8,"minecraft:stone_hoe":2,"epicfight:stone_spear":2,"minecraft:crafting_table":1,"minecraft:spruce_planks":80,"minecraft:wooden_pickaxe":1,"minecraft:copper_ingot":16,"minecraft:mangrove_planks":36,"minecraft:stone_axe":5,"minecraft:air":0,"minecraft:charcoal":52,"minecraft:stick":84,"minecraft:iron_ingot":9,"minecraft:iron_pickaxe":1,"minecraft:stone_sword":4,"minecraft:snow_block":184,"minecraft:torch":64,"minecraft:brick":20},"minecraft:mined":{"darkestsouls:siderite_ore":9,"minecraft:red_carpet":3,"minecraft:spruce_planks":1,"minecraft:farmland":58,"minecraft:potted_cactus":1,"minecraft:brewing_stand":1,"minecraft:cave_vines_plant":2,"minecraft:budding_amethyst":3,"darkestsouls:deepslate_siderite_ore":1,"minecraft:moss_block":4,"minecraft:chiseled_stone_bricks":7,"minecraft:furnace":13,"minecraft:carrots":107,"minecraft:iron_ore":12,"minecraft:cobbled_deepslate":4,"minecraft:snow":5,"minecraft:vine":4,"minecraft:water_cauldron":1,"minecraft:deepslate_iron_ore":29,"minecraft:cave_vines":4,"minecraft:cobblestone_slab":9,"minecraft:small_amethyst_bud":1,"minecraft:iron_bars":1,"minecraft:lantern":2,"minecraft:stone":1737,"minecraft:spruce_slab":1,"minecraft:light_gray_carpet":2,"minecraft:red_bed":3,"minecraft:infested_stone_bricks":1,"minecraft:snow_block":175,"minecraft:medium_amethyst_bud":1,"minecraft:amethyst_cluster":2,"minecraft:spruce_door":6,"minecraft:crafting_table":6,"minecraft:clay":20,"minecraft:torch":18,"minecraft:calcite":49,"minecraft:chest":7,"minecraft:cobblestone":277,"minecraft:tall_grass":1,"minecraft:copper_ore":68,"minecraft:lapis_ore":4,"minecraft:wall_torch":60,"minecraft:amethyst_block":32,"minecraft:cauldron":1,"minecraft:deepslate_copper_ore":8,"minecraft:spruce_stairs":3,"minecraft:wheat":29,"minecraft:white_carpet":5,"minecraft:spruce_log":1,"minecraft:mangrove_planks":5,"minecraft:infested_mossy_stone_bricks":1,"darkestsouls:cinnabar_ore":22,"minecraft:gravel":31,"minecraft:dirt":29,"minecraft:cobweb":1,"minecraft:mangrove_log":84,"minecraft:cracked_stone_bricks":5,"minecraft:smooth_basalt":68,"minecraft:polished_andesite":1,"minecraft:stone_bricks":47,"minecraft:mossy_stone_bricks":12,"minecraft:deepslate":104,"minecraft:infested_stone":1},"minecraft:used":{"minecraft:beetroot":4,"minecraft:iron_bars":1,"minecraft:stone_sword":23,"minecraft:spruce_slab":1,"minecraft:stone_shovel":320,"minecraft:ladder":3,"minecraft:chest":17,"minecraft:stone_hoe":35,"minecraft:rotten_flesh":1,"minecraft:torch":160,"minecraft:brewing_stand":1,"minecraft:dirt":54,"farmersdelight:carrot_crate":1,"minecraft:spruce_stairs":3,"minecraft:carrot":168,"minecraft:tuff":2,"born_in_chaos_v1:corpse_maggot":2,"minecraft:lantern":2,"minecraft:smooth_basalt":1,"epicfight:stone_greatsword":44,"minecraft:red_carpet":1,"minecraft:furnace":17,"minecraft:cobbled_deepslate":75,"minecraft:wheat_seeds":24,"minecraft:water_bucket":21,"epicfight:skillbook":1,"minecraft:leather_leggings":1,"minecraft:cobblestone_stairs":1,"minecraft:spruce_door":6,"minecraft:stone_pickaxe":2047,"minecraft:mangrove_planks":5,"minecraft:leather_chestplate":1,"minecraft:wooden_pickaxe":37,"minecraft:cauldron":1,"minecraft:cobblestone_slab":15,"minecraft:glow_berries":5,"minecraft:crafting_table":5,"minecraft:red_bed":3,"epicfight:stone_spear":78,"minecraft:flower_pot":1,"minecraft:iron_pickaxe":534,"minecraft:spruce_sapling":2,"minecraft:stone_axe":115,"minecraft:wooden_sword":11,"minecraft:cobblestone":1047,"minecraft:bucket":21,"minecraft:splash_potion":1},"minecraft:killed_by":{"alexsmobs:froststalker":1,"darkestsouls:skeleton_falchion":1,"darkestsouls:church_doctor":2,"minecraft:player":4,"darkestsouls:skeleton_swordsman_twin_shotels":1,"born_in_chaos_v1:nightmare_stalker":2,"darkestsouls:cloaked_beast_patient":4,"alexsmobs:snow_leopard":3,"born_in_chaos_v1:zombie_lumberjack":1,"darkestsouls:sewer_centipede":1,"darkestsouls:skeleton_spear":1,"born_in_chaos_v1:bonescaller":1,"darkestsouls:beast_patient":2,"cave_dweller:cave_dweller":3,"darkestsouls:church_doctor_lantern":1,"darkestsouls:hollow_longsword":1},"minecraft:custom":{"minecraft:mob_kills":23,"minecraft:interact_with_crafting_table":72,"minecraft:open_barrel":17,"minecraft:damage_dealt_resisted":109,"minecraft:leave_game":3,"minecraft:time_since_death":29525,"minecraft:climb_one_cm":131708,"minecraft:sprint_one_cm":753378,"minecraft:walk_one_cm":2085335,"minecraft:drop":55,"minecraft:damage_dealt_absorbed":67,"minecraft:sneak_time":4874,"minecraft:play_time":323564,"minecraft:deaths":29,"minecraft:walk_under_water_one_cm":4751,"minecraft:jump":1863,"minecraft:interact_with_brewingstand":1,"minecraft:walk_on_water_one_cm":19553,"minecraft:total_world_time":323564,"minecraft:interact_with_furnace":79,"minecraft:pot_flower":1,"minecraft:sleep_in_bed":5,"minecraft:time_since_rest":29582,"minecraft:damage_taken":3837,"minecraft:damage_dealt":5785,"minecraft:fly_one_cm":313261,"minecraft:open_chest":257,"minecraft:crouch_one_cm":16789,"minecraft:interact_with_smoker":2,"minecraft:fall_one_cm":20394}},"DataVersion":3465}