{"stats":{"minecraft:crafted":{"minecraft:wooden_sword":1,"minecraft:stick":12,"minecraft:spruce_planks":4,"minecraft:wooden_pickaxe":1,"minecraft:stone_pickaxe":2,"minecraft:stone_sword":1,"minecraft:mangrove_planks":20,"minecraft:stone_axe":1},"minecraft:custom":{"minecraft:time_since_rest":24082,"minecraft:sprint_one_cm":45983,"minecraft:damage_taken":110,"minecraft:walk_one_cm":131733,"minecraft:mob_kills":2,"minecraft:drop":4,"minecraft:damage_dealt":224,"minecraft:interact_with_crafting_table":5,"minecraft:fly_one_cm":19905,"minecraft:open_barrel":17,"minecraft:open_chest":1,"minecraft:crouch_one_cm":485,"minecraft:play_time":24082,"minecraft:sneak_time":68,"minecraft:jump":123,"minecraft:walk_on_water_one_cm":1504,"minecraft:time_since_death":24082,"minecraft:total_world_time":24082,"minecraft:climb_one_cm":21402,"minecraft:fall_one_cm":1463},"minecraft:killed":{"minecraft:silverfish":1,"minecraft:bat":1},"minecraft:broken":{"minecraft:stone_pickaxe":1},"minecraft:dropped":{"minecraft:dirt":85,"born_in_chaos_v1:intoxicating_dagger":1},"minecraft:picked_up":{"minecraft:stick":1,"minecraft:raw_iron":8,"minecraft:torch":14,"minecraft:spruce_log":1,"minecraft:carrot":1,"minecraft:dirt":85,"minecraft:string":1,"minecraft:raw_copper":5,"minecraft:white_carpet":1,"minecraft:beetroot":3,"minecraft:stone_bricks":1,"born_in_chaos_v1:intoxicating_dagger":1,"minecraft:mangrove_planks":2,"minecraft:mangrove_log":5,"minecraft:cobblestone":200},"minecraft:used":{"minecraft:beetroot":4,"minecraft:stone_pickaxe":193,"minecraft:mangrove_planks":5,"minecraft:wooden_pickaxe":37,"minecraft:torch":5,"minecraft:wooden_sword":8,"minecraft:cobblestone":38,"minecraft:carrot":5},"minecraft:mined":{"minecraft:iron_ore":9,"minecraft:spruce_log":1,"minecraft:mangrove_planks":2,"minecraft:torch":2,"minecraft:infested_mossy_stone_bricks":1,"minecraft:cobweb":1,"minecraft:mangrove_log":5,"minecraft:cobblestone":5,"minecraft:stone_bricks":1,"minecraft:stone":193,"minecraft:infested_stone":1}},"DataVersion":3465}