{"stats":{"minecraft:broken":{"minecraft:stone_pickaxe":7},"minecraft:dropped":{"minecraft:iron_helmet":1,"born_in_chaos_v1:ethereal_spirit":1,"minecraft:cobblestone_stairs":3,"minecraft:dirt":85,"born_in_chaos_v1:intoxicating_dagger":1,"minecraft:snowball":32,"minecraft:string":2},"minecraft:crafted":{"minecraft:wooden_sword":1,"minecraft:stone_shovel":1,"minecraft:crafting_table":1,"minecraft:spruce_planks":40,"minecraft:wooden_pickaxe":1,"minecraft:furnace":6,"minecraft:cobblestone_stairs":4,"minecraft:mangrove_planks":28,"minecraft:stone_axe":3,"minecraft:air":0,"minecraft:charcoal":20,"minecraft:stick":60,"minecraft:iron_ingot":9,"minecraft:iron_pickaxe":1,"minecraft:stone_pickaxe":10,"minecraft:chest":2,"minecraft:stone_sword":2,"minecraft:snow_block":56,"minecraft:dark_oak_planks":8,"minecraft:torch":44,"minecraft:stone_hoe":1},"minecraft:used":{"minecraft:beetroot":4,"minecraft:stone_sword":5,"minecraft:cobblestone_stairs":1,"minecraft:spruce_door":1,"minecraft:stone_shovel":32,"minecraft:stone_pickaxe":1052,"minecraft:mangrove_planks":5,"minecraft:chest":2,"minecraft:wooden_pickaxe":37,"minecraft:torch":18,"minecraft:dirt":2,"minecraft:red_bed":2,"minecraft:crafting_table":2,"minecraft:carrot":5,"minecraft:lantern":1,"minecraft:iron_pickaxe":101,"minecraft:spruce_sapling":2,"minecraft:stone_axe":8,"minecraft:wooden_sword":8,"minecraft:cobblestone":304,"minecraft:furnace":7},"minecraft:killed_by":{"minecraft:player":2,"darkestsouls:cloaked_beast_patient":1,"born_in_chaos_v1:zombie_lumberjack":1,"darkestsouls:sewer_centipede":1},"minecraft:custom":{"minecraft:interact_with_furnace":20,"minecraft:mob_kills":2,"minecraft:interact_with_crafting_table":39,"minecraft:open_barrel":17,"minecraft:damage_dealt_resisted":40,"minecraft:leave_game":2,"minecraft:time_since_death":49582,"minecraft:sleep_in_bed":2,"minecraft:climb_one_cm":65449,"minecraft:time_since_rest":16940,"minecraft:sprint_one_cm":125433,"minecraft:damage_taken":769,"minecraft:walk_one_cm":473892,"minecraft:drop":10,"minecraft:damage_dealt":441,"minecraft:damage_dealt_absorbed":2,"minecraft:fly_one_cm":98838,"minecraft:open_chest":21,"minecraft:crouch_one_cm":2869,"minecraft:play_time":94074,"minecraft:deaths":5,"minecraft:sneak_time":1256,"minecraft:jump":514,"minecraft:walk_on_water_one_cm":1504,"minecraft:total_world_time":94074,"minecraft:fall_one_cm":6930},"minecraft:mined":{"minecraft:light_gray_carpet":2,"minecraft:spruce_planks":1,"minecraft:red_bed":2,"minecraft:snow_block":32,"minecraft:medium_amethyst_bud":1,"minecraft:amethyst_cluster":2,"minecraft:crafting_table":1,"minecraft:torch":2,"minecraft:budding_amethyst":3,"minecraft:calcite":49,"minecraft:cobblestone":94,"minecraft:copper_ore":13,"minecraft:wall_torch":3,"minecraft:amethyst_block":32,"minecraft:furnace":1,"minecraft:iron_ore":9,"minecraft:white_carpet":5,"minecraft:spruce_log":1,"minecraft:mangrove_planks":2,"minecraft:infested_mossy_stone_bricks":1,"darkestsouls:cinnabar_ore":22,"minecraft:small_amethyst_bud":1,"minecraft:lantern":1,"minecraft:cobweb":1,"minecraft:mangrove_log":11,"minecraft:smooth_basalt":67,"minecraft:stone":849,"minecraft:stone_bricks":16,"minecraft:infested_stone":1},"minecraft:picked_up":{"minecraft:crafting_table":1,"born_in_chaos_v1:monster_flesh":1,"darkestsouls:cinnabar":96,"minecraft:cobblestone_stairs":3,"minecraft:amethyst_block":25,"minecraft:red_bed":2,"minecraft:dirt":85,"minecraft:string":6,"minecraft:lantern":1,"minecraft:raw_copper":79,"minecraft:iron_axe":3,"minecraft:white_carpet":6,"minecraft:bone":5,"minecraft:beetroot":3,"born_in_chaos_v1:intoxicating_dagger":1,"minecraft:stone_bricks":15,"minecraft:cobbled_deepslate":12,"minecraft:bucket":1,"minecraft:iron_ingot":8,"minecraft:stone_pickaxe":3,"minecraft:calcite":43,"minecraft:iron_pickaxe":2,"minecraft:mangrove_planks":22,"minecraft:oak_planks":3,"minecraft:mangrove_log":17,"minecraft:iron_boots":1,"minecraft:furnace":1,"minecraft:stick":1,"minecraft:raw_iron":16,"minecraft:smooth_basalt":94,"epicfight:stone_greatsword":1,"minecraft:torch":39,"born_in_chaos_v1:ethereal_spirit":1,"minecraft:amethyst_shard":4,"minecraft:spruce_log":3,"minecraft:carrot":8,"minecraft:spruce_door":1,"minecraft:dark_oak_log":2,"minecraft:stone_sword":6,"minecraft:rotten_flesh":2,"minecraft:stone_shovel":1,"minecraft:iron_helmet":1,"minecraft:bone_meal":10,"minecraft:light_gray_carpet":2,"minecraft:coal":59,"minecraft:snowball":160,"minecraft:cobblestone":1229},"minecraft:killed":{"minecraft:bat":1,"minecraft:silverfish":1}},"DataVersion":3465}