{"stats":{"minecraft:killed":{"darkestsouls:church_doctor":1,"born_in_chaos_v1:siamese_skeletonsright":1,"born_in_chaos_v1:dire_hound_leader":1,"darkestsouls:beast_patient":1,"minecraft:silverfish":1,"darkestsouls:hollow_longsword":1,"minecraft:bat":1,"born_in_chaos_v1:decrepit_skeleton":1,"darkestsouls:skeleton_spear":2,"minecraft:zombie":4,"born_in_chaos_v1:dread_hound":3,"born_in_chaos_v1:corpse_fly":1,"born_in_chaos_v1:siamese_skeletonsleft":1},"minecraft:picked_up":{"minecraft:charcoal":7,"born_in_chaos_v1:diamond_termite_shard":1,"minecraft:crafting_table":2,"minecraft:iron_chestplate":2,"minecraft:ladder":1,"born_in_chaos_v1:smoked_monster_flesh":1,"minecraft:chicken":3,"minecraft:clay_ball":92,"minecraft:leather_leggings":2,"minecraft:shield":7,"darkestsouls:beast_blood_clump":2,"minecraft:amethyst_block":25,"minecraft:string":10,"minecraft:red_bed":3,"minecraft:moss_carpet":4,"minecraft:raw_copper":329,"minecraft:iron_axe":4,"minecraft:flint_and_steel":1,"minecraft:white_carpet":6,"minecraft:beetroot":3,"minecraft:cracked_stone_bricks":4,"minecraft:cobbled_deepslate":218,"minecraft:bucket":3,"minecraft:spruce_planks":244,"minecraft:beef":4,"minecraft:cobblestone_slab":26,"minecraft:calcite":43,"minecraft:spruce_slab":1,"minecraft:iron_pickaxe":8,"minecraft:chest":9,"minecraft:mangrove_log":307,"minecraft:iron_boots":5,"minecraft:furnace":15,"minecraft:stick":23,"minecraft:raw_iron":56,"darkestsouls:soul_fragment":1,"minecraft:copper_ingot":32,"minecraft:torch":114,"epicfight:skillbook":2,"minecraft:snow_block":54,"born_in_chaos_v1:pieceofdarkmetal":2,"minecraft:carrot":490,"minecraft:cauldron":1,"minecraft:stone_sword":8,"minecraft:arrow":2,"minecraft:rotten_flesh":28,"minecraft:stone_shovel":4,"minecraft:glow_berries":5,"minecraft:iron_bars":1,"minecraft:snowball":751,"minecraft:cobblestone":2109,"born_in_chaos_v1:fused_bone":2,"born_in_chaos_v1:staffof_magic_arrows":1,"born_in_chaos_v1:corpse_maggot":5,"epicfight:stone_spear":3,"minecraft:leather_chestplate":3,"minecraft:cooked_beef":7,"born_in_chaos_v1:monster_flesh":5,"born_in_chaos_v1:spiritual_dust":5,"minecraft:golden_leggings":1,"minecraft:flint":3,"darkestsouls:cinnabar":96,"minecraft:tuff":12,"minecraft:cobblestone_stairs":6,"skilltree:gem":3,"minecraft:lapis_lazuli":75,"minecraft:dirt":90,"minecraft:lantern":2,"born_in_chaos_v1:monster_skin":5,"minecraft:red_carpet":3,"minecraft:bone":24,"born_in_chaos_v1:intoxicating_dagger":3,"minecraft:stone_bricks":30,"minecraft:spore_blossom":1,"minecraft:iron_ingot":8,"minecraft:stone_pickaxe":8,"minecraft:cooked_chicken":12,"minecraft:mossy_stone_bricks":16,"darkestsouls:blood_stone_fragment":3,"minecraft:moss_block":9,"minecraft:mangrove_planks":22,"minecraft:oak_planks":3,"minecraft:flowering_azalea":5,"darkestsouls:bone_fragment":1,"minecraft:smooth_basalt":160,"minecraft:cooked_porkchop":4,"epicfight:stone_greatsword":12,"epicfight:iron_spear":2,"born_in_chaos_v1:ethereal_spirit":1,"minecraft:gravel":22,"minecraft:amethyst_shard":8,"minecraft:spruce_log":3,"minecraft:dark_oak_log":2,"minecraft:spruce_door":4,"darkestsouls:siderite_fragment":15,"minecraft:stone_axe":8,"minecraft:iron_helmet":4,"minecraft:bone_meal":20,"minecraft:bread":2,"darkestsouls:small_soul_fragment":8,"minecraft:light_gray_carpet":3,"minecraft:coal":126},"minecraft:broken":{"minecraft:stone_pickaxe":10,"minecraft:iron_pickaxe":1,"minecraft:stone_shovel":1},"minecraft:dropped":{"minecraft:iron_helmet":2,"epicfight:stone_spear":1,"minecraft:cobblestone_stairs":3,"minecraft:dirt":85,"minecraft:snowball":32,"epicfight:stone_greatsword":4,"minecraft:string":2,"minecraft:bucket":1,"minecraft:cobbled_deepslate":1,"born_in_chaos_v1:ethereal_spirit":1,"born_in_chaos_v1:smoked_monster_flesh":1,"minecraft:carrot":57,"born_in_chaos_v1:intoxicating_dagger":2},"minecraft:crafted":{"minecraft:wooden_sword":1,"minecraft:cobblestone_slab":18,"minecraft:stone_shovel":3,"minecraft:furnace":6,"minecraft:cobblestone_stairs":4,"minecraft:stone_pickaxe":13,"minecraft:chest":9,"minecraft:dark_oak_planks":8,"minecraft:stone_hoe":1,"epicfight:stone_spear":2,"minecraft:crafting_table":1,"minecraft:spruce_planks":80,"minecraft:wooden_pickaxe":1,"minecraft:copper_ingot":16,"minecraft:mangrove_planks":32,"minecraft:stone_axe":5,"minecraft:air":0,"minecraft:charcoal":20,"minecraft:stick":76,"minecraft:iron_ingot":9,"minecraft:iron_pickaxe":1,"minecraft:stone_sword":4,"minecraft:snow_block":184,"minecraft:torch":44},"minecraft:mined":{"darkestsouls:siderite_ore":9,"minecraft:red_carpet":3,"minecraft:spruce_planks":1,"minecraft:cave_vines_plant":2,"minecraft:budding_amethyst":3,"darkestsouls:deepslate_siderite_ore":1,"minecraft:moss_block":4,"minecraft:furnace":11,"minecraft:carrots":45,"minecraft:iron_ore":12,"minecraft:cobbled_deepslate":3,"minecraft:snow":5,"minecraft:vine":4,"minecraft:water_cauldron":1,"minecraft:deepslate_iron_ore":29,"minecraft:cave_vines":4,"minecraft:cobblestone_slab":9,"minecraft:small_amethyst_bud":1,"minecraft:iron_bars":1,"minecraft:lantern":2,"minecraft:stone":1270,"minecraft:light_gray_carpet":2,"minecraft:red_bed":3,"minecraft:snow_block":175,"minecraft:medium_amethyst_bud":1,"minecraft:amethyst_cluster":2,"minecraft:spruce_door":2,"minecraft:crafting_table":2,"minecraft:clay":20,"minecraft:torch":8,"minecraft:calcite":49,"minecraft:chest":7,"minecraft:cobblestone":180,"minecraft:tall_grass":1,"minecraft:copper_ore":32,"minecraft:lapis_ore":4,"minecraft:wall_torch":24,"minecraft:amethyst_block":32,"minecraft:deepslate_copper_ore":8,"minecraft:white_carpet":5,"minecraft:spruce_log":1,"minecraft:mangrove_planks":2,"minecraft:infested_mossy_stone_bricks":1,"darkestsouls:cinnabar_ore":22,"minecraft:gravel":21,"minecraft:dirt":1,"minecraft:cobweb":1,"minecraft:mangrove_log":84,"minecraft:cracked_stone_bricks":2,"minecraft:smooth_basalt":67,"minecraft:stone_bricks":25,"minecraft:mossy_stone_bricks":4,"minecraft:deepslate":104,"minecraft:infested_stone":1},"minecraft:used":{"minecraft:beetroot":4,"minecraft:iron_bars":1,"minecraft:stone_sword":23,"minecraft:stone_shovel":215,"minecraft:ladder":1,"minecraft:chest":15,"minecraft:rotten_flesh":1,"minecraft:torch":85,"minecraft:dirt":2,"minecraft:carrot":78,"minecraft:tuff":2,"born_in_chaos_v1:corpse_maggot":2,"minecraft:lantern":2,"epicfight:stone_greatsword":44,"minecraft:red_carpet":1,"minecraft:furnace":15,"minecraft:cobbled_deepslate":75,"epicfight:skillbook":1,"minecraft:leather_leggings":1,"minecraft:cobblestone_stairs":1,"minecraft:spruce_door":2,"minecraft:stone_pickaxe":1390,"minecraft:mangrove_planks":5,"minecraft:leather_chestplate":1,"minecraft:wooden_pickaxe":37,"minecraft:cauldron":1,"minecraft:cobblestone_slab":15,"minecraft:glow_berries":5,"minecraft:crafting_table":2,"minecraft:red_bed":3,"epicfight:stone_spear":38,"minecraft:iron_pickaxe":534,"minecraft:spruce_sapling":2,"minecraft:stone_axe":100,"minecraft:wooden_sword":11,"minecraft:cobblestone":631,"minecraft:splash_potion":1},"minecraft:killed_by":{"alexsmobs:froststalker":1,"darkestsouls:skeleton_falchion":1,"darkestsouls:church_doctor":2,"minecraft:player":4,"darkestsouls:skeleton_swordsman_twin_shotels":1,"born_in_chaos_v1:nightmare_stalker":2,"darkestsouls:cloaked_beast_patient":4,"alexsmobs:snow_leopard":3,"born_in_chaos_v1:zombie_lumberjack":1,"darkestsouls:sewer_centipede":1,"darkestsouls:skeleton_spear":1,"born_in_chaos_v1:bonescaller":1,"darkestsouls:beast_patient":2,"darkestsouls:church_doctor_lantern":1,"darkestsouls:hollow_longsword":1},"minecraft:custom":{"minecraft:mob_kills":20,"minecraft:interact_with_crafting_table":61,"minecraft:open_barrel":17,"minecraft:damage_dealt_resisted":109,"minecraft:leave_game":3,"minecraft:time_since_death":453,"minecraft:climb_one_cm":117746,"minecraft:sprint_one_cm":579489,"minecraft:walk_one_cm":1539790,"minecraft:drop":24,"minecraft:damage_dealt_absorbed":67,"minecraft:sneak_time":4444,"minecraft:play_time":251564,"minecraft:deaths":26,"minecraft:walk_under_water_one_cm":3300,"minecraft:jump":1702,"minecraft:interact_with_brewingstand":1,"minecraft:walk_on_water_one_cm":7157,"minecraft:total_world_time":251564,"minecraft:interact_with_furnace":56,"minecraft:sleep_in_bed":5,"minecraft:time_since_rest":483,"minecraft:damage_taken":3448,"minecraft:damage_dealt":5240,"minecraft:fly_one_cm":283403,"minecraft:open_chest":239,"minecraft:crouch_one_cm":15587,"minecraft:interact_with_smoker":1,"minecraft:fall_one_cm":19914}},"DataVersion":3465}