{"stats":{"minecraft:crafted":{"minecraft:wooden_sword":1,"minecraft:stick":8,"minecraft:spruce_planks":4,"minecraft:wooden_pickaxe":1,"minecraft:stone_pickaxe":1,"minecraft:stone_sword":1,"minecraft:mangrove_planks":20,"minecraft:stone_axe":1},"minecraft:custom":{"minecraft:time_since_rest":12082,"minecraft:sprint_one_cm":22212,"minecraft:damage_taken":110,"minecraft:walk_one_cm":68374,"minecraft:mob_kills":2,"minecraft:drop":1,"minecraft:damage_dealt":224,"minecraft:interact_with_crafting_table":4,"minecraft:fly_one_cm":18182,"minecraft:open_barrel":17,"minecraft:open_chest":1,"minecraft:play_time":12082,"minecraft:jump":91,"minecraft:walk_on_water_one_cm":1504,"minecraft:time_since_death":12082,"minecraft:total_world_time":12082,"minecraft:climb_one_cm":12314,"minecraft:fall_one_cm":1463},"minecraft:killed":{"minecraft:silverfish":1,"minecraft:bat":1},"minecraft:dropped":{"born_in_chaos_v1:intoxicating_dagger":1},"minecraft:picked_up":{"minecraft:stick":1,"minecraft:spruce_log":1,"minecraft:carrot":1,"minecraft:string":1,"minecraft:white_carpet":1,"minecraft:beetroot":3,"minecraft:stone_bricks":1,"born_in_chaos_v1:intoxicating_dagger":1,"minecraft:mangrove_planks":2,"minecraft:mangrove_log":5,"minecraft:cobblestone":30},"minecraft:used":{"minecraft:beetroot":2,"minecraft:stone_pickaxe":18,"minecraft:mangrove_planks":5,"minecraft:wooden_pickaxe":37,"minecraft:wooden_sword":8,"minecraft:cobblestone":2,"minecraft:carrot":4},"minecraft:mined":{"minecraft:spruce_log":1,"minecraft:mangrove_planks":2,"minecraft:infested_mossy_stone_bricks":1,"minecraft:cobweb":1,"minecraft:mangrove_log":5,"minecraft:stone_bricks":1,"minecraft:stone":32,"minecraft:infested_stone":1}},"DataVersion":3465}