{"stats":{"minecraft:broken":{"minecraft:stone_pickaxe":10,"minecraft:iron_pickaxe":1,"minecraft:stone_shovel":1},"minecraft:dropped":{"minecraft:iron_helmet":2,"minecraft:cobblestone_stairs":3,"minecraft:dirt":85,"minecraft:snowball":32,"epicfight:stone_greatsword":1,"minecraft:string":2,"minecraft:bucket":1,"minecraft:cobbled_deepslate":1,"born_in_chaos_v1:ethereal_spirit":1,"born_in_chaos_v1:smoked_monster_flesh":1,"born_in_chaos_v1:intoxicating_dagger":2},"minecraft:crafted":{"minecraft:wooden_sword":1,"minecraft:cobblestone_slab":18,"minecraft:stone_shovel":3,"minecraft:furnace":6,"minecraft:cobblestone_stairs":4,"minecraft:stone_pickaxe":12,"minecraft:chest":9,"minecraft:dark_oak_planks":8,"minecraft:stone_hoe":1,"epicfight:stone_spear":1,"minecraft:crafting_table":1,"minecraft:spruce_planks":80,"minecraft:wooden_pickaxe":1,"minecraft:mangrove_planks":28,"minecraft:stone_axe":3,"minecraft:air":0,"minecraft:charcoal":20,"minecraft:stick":60,"minecraft:iron_ingot":9,"minecraft:iron_pickaxe":1,"minecraft:stone_sword":3,"minecraft:snow_block":184,"minecraft:torch":44},"minecraft:used":{"minecraft:beetroot":4,"minecraft:iron_bars":1,"minecraft:stone_sword":15,"minecraft:stone_shovel":215,"minecraft:ladder":1,"minecraft:chest":15,"minecraft:torch":81,"minecraft:dirt":2,"minecraft:carrot":8,"minecraft:lantern":2,"epicfight:stone_greatsword":41,"minecraft:red_carpet":1,"minecraft:furnace":15,"minecraft:cobbled_deepslate":61,"minecraft:cobblestone_stairs":1,"minecraft:spruce_door":2,"minecraft:stone_pickaxe":1366,"minecraft:mangrove_planks":5,"minecraft:wooden_pickaxe":37,"minecraft:cauldron":1,"minecraft:cobblestone_slab":14,"minecraft:glow_berries":3,"minecraft:crafting_table":2,"minecraft:red_bed":3,"epicfight:stone_spear":22,"minecraft:iron_pickaxe":254,"minecraft:spruce_sapling":2,"minecraft:stone_axe":21,"minecraft:wooden_sword":8,"minecraft:cobblestone":579,"minecraft:splash_potion":1},"minecraft:killed_by":{"alexsmobs:froststalker":1,"minecraft:player":3,"darkestsouls:cloaked_beast_patient":1,"born_in_chaos_v1:zombie_lumberjack":1,"darkestsouls:sewer_centipede":1,"darkestsouls:beast_patient":1},"minecraft:custom":{"minecraft:mob_kills":15,"minecraft:interact_with_crafting_table":53,"minecraft:open_barrel":17,"minecraft:damage_dealt_resisted":109,"minecraft:leave_game":2,"minecraft:time_since_death":582,"minecraft:climb_one_cm":84213,"minecraft:sprint_one_cm":130875,"minecraft:walk_one_cm":1055137,"minecraft:drop":16,"minecraft:damage_dealt_absorbed":47,"minecraft:play_time":172074,"minecraft:sneak_time":3771,"minecraft:deaths":8,"minecraft:walk_under_water_one_cm":706,"minecraft:jump":928,"minecraft:interact_with_brewingstand":1,"minecraft:walk_on_water_one_cm":3043,"minecraft:total_world_time":172074,"minecraft:interact_with_furnace":21,"minecraft:sleep_in_bed":4,"minecraft:time_since_rest":615,"minecraft:damage_taken":1361,"minecraft:damage_dealt":3468,"minecraft:fly_one_cm":102668,"minecraft:open_chest":160,"minecraft:crouch_one_cm":12762,"minecraft:fall_one_cm":8359},"minecraft:mined":{"darkestsouls:siderite_ore":9,"minecraft:red_carpet":3,"minecraft:spruce_planks":1,"minecraft:cave_vines_plant":2,"minecraft:budding_amethyst":3,"minecraft:moss_block":4,"minecraft:furnace":11,"minecraft:iron_ore":12,"minecraft:cobbled_deepslate":1,"minecraft:snow":5,"minecraft:vine":2,"minecraft:cave_vines":3,"minecraft:deepslate_iron_ore":27,"minecraft:water_cauldron":1,"minecraft:cobblestone_slab":8,"minecraft:small_amethyst_bud":1,"minecraft:iron_bars":1,"minecraft:lantern":2,"minecraft:stone":1053,"minecraft:light_gray_carpet":2,"minecraft:red_bed":3,"minecraft:medium_amethyst_bud":1,"minecraft:snow_block":175,"minecraft:amethyst_cluster":2,"minecraft:spruce_door":1,"minecraft:clay":17,"minecraft:crafting_table":2,"minecraft:torch":8,"minecraft:calcite":49,"minecraft:chest":6,"minecraft:tall_grass":1,"minecraft:copper_ore":14,"minecraft:cobblestone":168,"minecraft:lapis_ore":4,"minecraft:wall_torch":22,"minecraft:amethyst_block":32,"minecraft:white_carpet":5,"minecraft:spruce_log":1,"minecraft:mangrove_planks":2,"minecraft:infested_mossy_stone_bricks":1,"darkestsouls:cinnabar_ore":22,"minecraft:gravel":16,"minecraft:dirt":1,"minecraft:cobweb":1,"minecraft:mangrove_log":11,"minecraft:smooth_basalt":67,"minecraft:stone_bricks":19,"minecraft:deepslate":90,"minecraft:infested_stone":1},"minecraft:picked_up":{"minecraft:charcoal":7,"minecraft:crafting_table":1,"born_in_chaos_v1:smoked_monster_flesh":1,"minecraft:chicken":3,"minecraft:ladder":1,"minecraft:clay_ball":68,"minecraft:leather_leggings":1,"minecraft:amethyst_block":25,"minecraft:string":10,"minecraft:red_bed":3,"minecraft:iron_axe":3,"minecraft:raw_copper":183,"minecraft:flint_and_steel":1,"minecraft:white_carpet":6,"minecraft:beetroot":3,"minecraft:cobbled_deepslate":100,"minecraft:bucket":3,"minecraft:beef":4,"minecraft:cobblestone_slab":25,"minecraft:calcite":43,"minecraft:spruce_slab":1,"minecraft:iron_pickaxe":3,"minecraft:chest":6,"minecraft:mangrove_log":17,"minecraft:furnace":15,"minecraft:iron_boots":3,"minecraft:stick":1,"minecraft:raw_iron":45,"darkestsouls:soul_fragment":1,"minecraft:torch":101,"minecraft:snow_block":54,"minecraft:carrot":18,"minecraft:cauldron":1,"minecraft:stone_shovel":4,"minecraft:stone_sword":6,"minecraft:arrow":2,"minecraft:rotten_flesh":15,"minecraft:glow_berries":4,"minecraft:iron_bars":1,"minecraft:snowball":751,"minecraft:cobblestone":1487,"born_in_chaos_v1:fused_bone":2,"born_in_chaos_v1:corpse_maggot":1,"minecraft:leather_chestplate":1,"minecraft:cooked_beef":7,"born_in_chaos_v1:monster_flesh":4,"minecraft:flint":3,"darkestsouls:cinnabar":96,"minecraft:cobblestone_stairs":6,"minecraft:lapis_lazuli":75,"minecraft:dirt":86,"minecraft:lantern":2,"born_in_chaos_v1:monster_skin":1,"minecraft:red_carpet":3,"minecraft:bone":13,"born_in_chaos_v1:intoxicating_dagger":2,"minecraft:stone_bricks":18,"minecraft:stone_pickaxe":6,"minecraft:iron_ingot":8,"minecraft:cooked_chicken":12,"darkestsouls:blood_stone_fragment":1,"minecraft:moss_block":4,"minecraft:mangrove_planks":22,"minecraft:flowering_azalea":1,"minecraft:oak_planks":3,"minecraft:smooth_basalt":160,"minecraft:cooked_porkchop":4,"epicfight:stone_greatsword":3,"born_in_chaos_v1:ethereal_spirit":1,"minecraft:gravel":5,"minecraft:amethyst_shard":8,"minecraft:spruce_log":3,"minecraft:dark_oak_log":2,"minecraft:spruce_door":2,"darkestsouls:siderite_fragment":13,"minecraft:stone_axe":1,"minecraft:iron_helmet":2,"minecraft:bone_meal":20,"minecraft:bread":2,"darkestsouls:small_soul_fragment":8,"minecraft:light_gray_carpet":3,"minecraft:coal":118},"minecraft:killed":{"darkestsouls:church_doctor":1,"born_in_chaos_v1:siamese_skeletonsright":1,"born_in_chaos_v1:dire_hound_leader":1,"minecraft:silverfish":1,"darkestsouls:hollow_longsword":1,"minecraft:bat":1,"darkestsouls:skeleton_spear":1,"minecraft:zombie":3,"born_in_chaos_v1:dread_hound":3,"born_in_chaos_v1:siamese_skeletonsleft":1}},"DataVersion":3465}