{"stats":{"minecraft:broken":{"minecraft:stone_pickaxe":9,"minecraft:stone_shovel":1},"minecraft:dropped":{"minecraft:iron_helmet":2,"minecraft:cobblestone_stairs":3,"minecraft:dirt":85,"minecraft:snowball":32,"epicfight:stone_greatsword":1,"minecraft:string":2,"minecraft:bucket":1,"born_in_chaos_v1:ethereal_spirit":1,"born_in_chaos_v1:intoxicating_dagger":2},"minecraft:crafted":{"minecraft:wooden_sword":1,"minecraft:cobblestone_slab":18,"minecraft:stone_shovel":2,"minecraft:furnace":6,"minecraft:cobblestone_stairs":4,"minecraft:stone_pickaxe":10,"minecraft:chest":9,"minecraft:dark_oak_planks":8,"minecraft:stone_hoe":1,"minecraft:crafting_table":1,"minecraft:spruce_planks":80,"minecraft:wooden_pickaxe":1,"minecraft:mangrove_planks":28,"minecraft:stone_axe":3,"minecraft:air":0,"minecraft:charcoal":20,"minecraft:stick":60,"minecraft:iron_ingot":9,"minecraft:iron_pickaxe":1,"minecraft:stone_sword":2,"minecraft:snow_block":174,"minecraft:torch":44},"minecraft:used":{"minecraft:beetroot":4,"minecraft:iron_bars":1,"minecraft:stone_sword":15,"minecraft:stone_shovel":180,"minecraft:ladder":1,"minecraft:chest":15,"minecraft:torch":41,"minecraft:dirt":2,"minecraft:carrot":5,"minecraft:lantern":2,"minecraft:furnace":7,"minecraft:cobblestone_stairs":1,"minecraft:spruce_door":2,"minecraft:stone_pickaxe":1209,"minecraft:mangrove_planks":5,"minecraft:wooden_pickaxe":37,"minecraft:cauldron":1,"minecraft:cobblestone_slab":12,"minecraft:crafting_table":2,"minecraft:red_bed":3,"minecraft:iron_pickaxe":140,"minecraft:spruce_sapling":2,"minecraft:stone_axe":20,"minecraft:wooden_sword":8,"minecraft:cobblestone":544,"minecraft:splash_potion":1},"minecraft:killed_by":{"alexsmobs:froststalker":1,"minecraft:player":2,"darkestsouls:cloaked_beast_patient":1,"born_in_chaos_v1:zombie_lumberjack":1,"darkestsouls:sewer_centipede":1,"darkestsouls:beast_patient":1},"minecraft:custom":{"minecraft:mob_kills":7,"minecraft:interact_with_crafting_table":48,"minecraft:open_barrel":17,"minecraft:damage_dealt_resisted":40,"minecraft:leave_game":2,"minecraft:time_since_death":2229,"minecraft:climb_one_cm":78661,"minecraft:sprint_one_cm":129390,"minecraft:walk_one_cm":762861,"minecraft:drop":14,"minecraft:damage_dealt_absorbed":47,"minecraft:play_time":130074,"minecraft:sneak_time":1558,"minecraft:deaths":7,"minecraft:jump":701,"minecraft:interact_with_brewingstand":1,"minecraft:walk_on_water_one_cm":2215,"minecraft:total_world_time":130074,"minecraft:interact_with_furnace":20,"minecraft:sleep_in_bed":3,"minecraft:time_since_rest":2276,"minecraft:damage_taken":1039,"minecraft:damage_dealt":1019,"minecraft:fly_one_cm":102014,"minecraft:open_chest":85,"minecraft:crouch_one_cm":4036,"minecraft:fall_one_cm":7608},"minecraft:mined":{"minecraft:red_carpet":2,"minecraft:spruce_planks":1,"minecraft:budding_amethyst":3,"minecraft:furnace":7,"minecraft:iron_ore":9,"minecraft:snow":5,"minecraft:water_cauldron":1,"minecraft:cobblestone_slab":6,"minecraft:small_amethyst_bud":1,"minecraft:iron_bars":1,"minecraft:lantern":2,"minecraft:stone":953,"minecraft:light_gray_carpet":2,"minecraft:red_bed":3,"minecraft:medium_amethyst_bud":1,"minecraft:snow_block":175,"minecraft:amethyst_cluster":2,"minecraft:spruce_door":1,"minecraft:crafting_table":1,"minecraft:torch":4,"minecraft:calcite":49,"minecraft:chest":6,"minecraft:copper_ore":13,"minecraft:cobblestone":159,"minecraft:lapis_ore":4,"minecraft:wall_torch":9,"minecraft:amethyst_block":32,"minecraft:white_carpet":5,"minecraft:spruce_log":1,"minecraft:mangrove_planks":2,"minecraft:infested_mossy_stone_bricks":1,"darkestsouls:cinnabar_ore":22,"minecraft:cobweb":1,"minecraft:mangrove_log":11,"minecraft:smooth_basalt":67,"minecraft:stone_bricks":19,"minecraft:infested_stone":1},"minecraft:picked_up":{"minecraft:charcoal":7,"minecraft:crafting_table":1,"minecraft:chicken":3,"minecraft:ladder":1,"minecraft:leather_leggings":1,"minecraft:amethyst_block":25,"minecraft:string":10,"minecraft:red_bed":3,"minecraft:iron_axe":3,"minecraft:raw_copper":179,"minecraft:flint_and_steel":1,"minecraft:white_carpet":6,"minecraft:beetroot":3,"minecraft:cobbled_deepslate":12,"minecraft:bucket":3,"minecraft:beef":4,"minecraft:cobblestone_slab":23,"minecraft:calcite":43,"minecraft:spruce_slab":1,"minecraft:iron_pickaxe":3,"minecraft:chest":6,"minecraft:mangrove_log":17,"minecraft:furnace":13,"minecraft:iron_boots":3,"minecraft:stick":1,"minecraft:raw_iron":16,"minecraft:torch":85,"minecraft:snow_block":54,"minecraft:carrot":8,"minecraft:cauldron":1,"minecraft:stone_shovel":4,"minecraft:stone_sword":6,"minecraft:arrow":2,"minecraft:rotten_flesh":15,"minecraft:iron_bars":1,"minecraft:snowball":751,"minecraft:cobblestone":1400,"born_in_chaos_v1:fused_bone":2,"born_in_chaos_v1:corpse_maggot":1,"minecraft:leather_chestplate":1,"minecraft:cooked_beef":7,"born_in_chaos_v1:monster_flesh":3,"darkestsouls:cinnabar":96,"minecraft:cobblestone_stairs":6,"minecraft:lapis_lazuli":67,"minecraft:dirt":85,"minecraft:lantern":2,"born_in_chaos_v1:monster_skin":1,"minecraft:red_carpet":2,"minecraft:bone":13,"born_in_chaos_v1:intoxicating_dagger":2,"minecraft:stone_bricks":18,"minecraft:stone_pickaxe":6,"minecraft:iron_ingot":8,"minecraft:cooked_chicken":12,"darkestsouls:blood_stone_fragment":1,"minecraft:mangrove_planks":22,"minecraft:oak_planks":3,"minecraft:smooth_basalt":160,"minecraft:cooked_porkchop":4,"epicfight:stone_greatsword":3,"born_in_chaos_v1:ethereal_spirit":1,"minecraft:amethyst_shard":8,"minecraft:spruce_log":3,"minecraft:dark_oak_log":2,"minecraft:spruce_door":2,"darkestsouls:siderite_fragment":6,"minecraft:stone_axe":1,"minecraft:iron_helmet":2,"minecraft:bone_meal":20,"minecraft:bread":2,"minecraft:light_gray_carpet":3,"minecraft:coal":118},"minecraft:killed":{"born_in_chaos_v1:siamese_skeletonsright":1,"minecraft:silverfish":1,"minecraft:bat":1,"minecraft:zombie":2,"born_in_chaos_v1:siamese_skeletonsleft":1}},"DataVersion":3465}