{"stats":{"minecraft:crafted":{"minecraft:wooden_sword":1,"minecraft:charcoal":3,"minecraft:crafting_table":1,"minecraft:stick":24,"minecraft:spruce_planks":4,"minecraft:wooden_pickaxe":1,"minecraft:stone_pickaxe":5,"minecraft:stone_sword":1,"minecraft:furnace":1,"minecraft:mangrove_planks":28,"minecraft:torch":12,"minecraft:stone_axe":2},"minecraft:custom":{"minecraft:time_since_rest":7311,"minecraft:interact_with_furnace":4,"minecraft:sprint_one_cm":75126,"minecraft:damage_taken":230,"minecraft:walk_one_cm":200395,"minecraft:mob_kills":2,"minecraft:drop":4,"minecraft:damage_dealt":283,"minecraft:interact_with_crafting_table":10,"minecraft:fly_one_cm":32246,"minecraft:open_barrel":17,"minecraft:open_chest":1,"minecraft:crouch_one_cm":485,"minecraft:play_time":36082,"minecraft:deaths":1,"minecraft:sneak_time":254,"minecraft:jump":174,"minecraft:walk_on_water_one_cm":1504,"minecraft:time_since_death":7276,"minecraft:total_world_time":36082,"minecraft:climb_one_cm":28613,"minecraft:fall_one_cm":2107},"minecraft:killed":{"minecraft:silverfish":1,"minecraft:bat":1},"minecraft:killed_by":{"darkestsouls:sewer_centipede":1},"minecraft:broken":{"minecraft:stone_pickaxe":3},"minecraft:dropped":{"minecraft:dirt":85,"born_in_chaos_v1:intoxicating_dagger":1},"minecraft:picked_up":{"minecraft:smooth_basalt":3,"minecraft:stick":1,"minecraft:raw_iron":16,"minecraft:torch":21,"minecraft:spruce_log":1,"minecraft:carrot":7,"minecraft:dirt":85,"minecraft:string":2,"minecraft:raw_copper":35,"minecraft:stone_sword":1,"minecraft:white_carpet":1,"minecraft:bone":5,"minecraft:beetroot":3,"minecraft:stone_bricks":7,"born_in_chaos_v1:intoxicating_dagger":1,"minecraft:bone_meal":5,"minecraft:mangrove_planks":12,"minecraft:mangrove_log":17,"minecraft:cobblestone":499},"minecraft:used":{"minecraft:beetroot":4,"minecraft:stone_pickaxe":395,"minecraft:mangrove_planks":5,"minecraft:wooden_pickaxe":37,"minecraft:stone_axe":7,"minecraft:torch":12,"minecraft:wooden_sword":8,"minecraft:cobblestone":74,"minecraft:crafting_table":1,"minecraft:furnace":1,"minecraft:carrot":5},"minecraft:mined":{"minecraft:iron_ore":9,"minecraft:spruce_log":1,"minecraft:mangrove_planks":2,"minecraft:torch":2,"minecraft:infested_mossy_stone_bricks":1,"minecraft:copper_ore":7,"minecraft:cobweb":1,"minecraft:mangrove_log":11,"minecraft:cobblestone":10,"minecraft:smooth_basalt":2,"minecraft:stone_bricks":7,"minecraft:stone":375,"minecraft:infested_stone":1}},"DataVersion":3465}