{"stats":{"minecraft:picked_up":{"minecraft:raw_iron":2,"minecraft:cooked_beef":3,"born_in_chaos_v1:smoked_monster_flesh":2,"minecraft:clay_ball":8,"epicfight:stone_greatsword":1,"minecraft:wooden_pickaxe":2,"minecraft:tuff":14,"minecraft:carrot":1,"skilltree:gem":8,"alexsmobs:animal_dictionary":1,"minecraft:raw_copper":128,"minecraft:cobbled_deepslate":56,"minecraft:stone_pickaxe":1,"minecraft:glow_berries":1,"minecraft:cobblestone":13},"minecraft:dropped":{"minecraft:wooden_pickaxe":1},"minecraft:mined":{"minecraft:tuff":12,"minecraft:clay":1,"minecraft:cave_vines":3,"minecraft:deepslate_iron_ore":2,"minecraft:cobblestone":1,"minecraft:copper_ore":22,"minecraft:stone":12,"minecraft:deepslate":46},"minecraft:crafted":{"minecraft:cooked_beef":4,"minecraft:stick":4,"minecraft:stone_pickaxe":1,"minecraft:stone_sword":1,"minecraft:copper_ingot":40,"epicfight:stone_greatsword":1,"minecraft:air":0},"minecraft:used":{"minecraft:stone_sword":13,"minecraft:stone_pickaxe":109,"minecraft:wooden_pickaxe":26,"epicfight:stone_greatsword":1,"minecraft:glow_berries":4,"minecraft:carrot":1,"alexsmobs:animal_dictionary":3,"minecraft:cooked_beef":1},"minecraft:killed_by":{"darkestsouls:beast_patient":1,"darkestsouls:hollow_assassin":1},"minecraft:custom":{"minecraft:time_since_rest":6964,"minecraft:interact_with_furnace":40,"minecraft:sprint_one_cm":86734,"minecraft:damage_taken":240,"minecraft:walk_one_cm":342520,"minecraft:drop":1,"minecraft:damage_dealt":320,"minecraft:talked_to_villager":1,"minecraft:interact_with_crafting_table":4,"minecraft:fly_one_cm":26842,"minecraft:open_chest":35,"minecraft:crouch_one_cm":2713,"minecraft:play_time":44414,"minecraft:deaths":2,"minecraft:sneak_time":748,"minecraft:jump":271,"minecraft:interact_with_brewingstand":1,"minecraft:leave_game":1,"minecraft:walk_on_water_one_cm":3364,"minecraft:time_since_death":6908,"minecraft:interact_with_smoker":2,"minecraft:sleep_in_bed":1,"minecraft:climb_one_cm":16208,"minecraft:total_world_time":44414,"minecraft:fall_one_cm":1768}},"DataVersion":3465}