{"stats":{"minecraft:picked_up":{"minecraft:wooden_pickaxe":1,"minecraft:carrot":1,"minecraft:cobblestone":10,"minecraft:raw_copper":13},"minecraft:dropped":{"minecraft:wooden_pickaxe":1},"minecraft:mined":{"minecraft:copper_ore":4,"minecraft:cobblestone":1,"minecraft:stone":10},"minecraft:crafted":{"minecraft:stone_sword":1,"minecraft:stick":4,"minecraft:stone_pickaxe":1},"minecraft:used":{"minecraft:stone_pickaxe":22,"minecraft:carrot":1,"alexsmobs:animal_dictionary":3,"minecraft:wooden_pickaxe":20},"minecraft:killed_by":{"darkestsouls:hollow_assassin":1},"minecraft:custom":{"minecraft:time_since_rest":11800,"minecraft:open_chest":14,"minecraft:crouch_one_cm":340,"minecraft:play_time":15348,"minecraft:sprint_one_cm":46322,"minecraft:walk_one_cm":98180,"minecraft:damage_taken":100,"minecraft:deaths":1,"minecraft:sneak_time":65,"minecraft:drop":1,"minecraft:jump":78,"minecraft:time_since_death":11695,"minecraft:walk_on_water_one_cm":161,"minecraft:total_world_time":15348,"minecraft:climb_one_cm":3428,"minecraft:interact_with_crafting_table":3,"minecraft:fall_one_cm":723,"minecraft:fly_one_cm":18539}},"DataVersion":3465}