{"stats":{"minecraft:custom":{"minecraft:open_chest":2,"minecraft:time_since_rest":8714,"minecraft:crouch_one_cm":2454,"minecraft:walk_one_cm":83429,"minecraft:play_time":14146,"minecraft:sprint_one_cm":14360,"minecraft:damage_absorbed":213,"minecraft:damage_taken":539,"minecraft:deaths":1,"minecraft:sneak_time":1038,"minecraft:walk_under_water_one_cm":14663,"minecraft:drop":1,"minecraft:jump":76,"minecraft:damage_dealt":492,"minecraft:leave_game":1,"minecraft:time_since_death":8614,"minecraft:walk_on_water_one_cm":5195,"minecraft:total_world_time":14146,"minecraft:climb_one_cm":290,"minecraft:interact_with_crafting_table":2,"minecraft:fall_one_cm":209,"minecraft:fly_one_cm":5190},"minecraft:crafted":{"minecraft:wooden_shovel":1,"minecraft:birch_planks":12,"minecraft:stick":8,"minecraft:wooden_pickaxe":1,"minecraft:wooden_axe":1},"minecraft:killed_by":{"dannys_expansion:floam":1},"minecraft:used":{"minecraft:wooden_axe":14,"minecraft:dirt":2,"minecraft:birch_planks":1,"minecraft:bread":2,"minecraft:wooden_pickaxe":9,"minecraft:wooden_shovel":9,"epicfight:stone_greatsword":11},"minecraft:picked_up":{"minecraft:birch_log":16,"minecraft:birch_planks":2,"minecraft:cobblestone":8,"minecraft:dirt":11},"minecraft:mined":{"minecraft:grass_block":3,"minecraft:birch_planks":1,"minecraft:dirt":8,"minecraft:birch_log":14,"minecraft:stone":9,"minecraft:birch_leaves":5,"treechop:chopped_log":1,"minecraft:oak_leaves":1},"minecraft:dropped":{"minecraft:birch_planks":1}},"DataVersion":2975}