{"stats":{"minecraft:custom":{"minecraft:interact_with_furnace":34,"minecraft:mob_kills":12,"minecraft:interact_with_crafting_table":22,"minecraft:leave_game":1,"minecraft:time_since_death":92614,"minecraft:climb_one_cm":2772,"minecraft:time_since_rest":92714,"champions:champion_mobs_killed":4,"minecraft:sprint_one_cm":68458,"minecraft:walk_one_cm":609025,"minecraft:damage_taken":1400,"minecraft:damage_absorbed":213,"minecraft:drop":31,"minecraft:damage_dealt":1921,"minecraft:fly_one_cm":17939,"minecraft:open_chest":38,"minecraft:crouch_one_cm":15976,"minecraft:play_time":98146,"minecraft:deaths":1,"minecraft:sneak_time":6120,"minecraft:walk_under_water_one_cm":17552,"minecraft:boat_one_cm":386,"minecraft:jump":1091,"minecraft:walk_on_water_one_cm":5868,"minecraft:total_world_time":98146,"minecraft:fall_one_cm":10003},"minecraft:crafted":{"minecraft:wooden_shovel":1,"minecraft:cooked_porkchop":4,"minecraft:birch_boat":1,"minecraft:iron_helmet":1,"minecraft:wooden_pickaxe":1,"minecraft:cooked_chicken":4,"minecraft:bowl":4,"minecraft:copper_ingot":21,"minecraft:mushroom_stew":10,"minecraft:birch_planks":12,"minecraft:air":154,"minecraft:charcoal":6,"minecraft:stick":12,"jet_and_elias_armors:beehive_armet_helmet":1,"epicfight:iron_greatsword":1,"minecraft:iron_ingot":20,"minecraft:iron_pickaxe":1,"minecraft:wooden_axe":1,"minecraft:stone_pickaxe":3,"minecraft:birch_door":3,"minecraft:torch":12},"minecraft:killed_by":{"dannys_expansion:floam":1},"minecraft:used":{"minecraft:birch_planks":1,"minecraft:stone_shovel":43,"minecraft:stone_pickaxe":180,"minecraft:birch_boat":1,"minecraft:wooden_pickaxe":24,"minecraft:wooden_shovel":12,"minecraft:cooked_chicken":2,"minecraft:torch":59,"minecraft:glow_berries":1,"minecraft:dirt":5,"minecraft:spyglass":4,"minecraft:mushroom_stew":4,"minecraft:birch_door":1,"minecraft:wooden_axe":14,"epicfight:iron_greatsword":10,"minecraft:bread":6,"minecraft:iron_pickaxe":70,"epicfight:stone_greatsword":25,"minecraft:stone_axe":48,"minecraft:cobblestone":92,"minecraft:furnace":1,"minecraft:cobbled_deepslate":28},"minecraft:killed":{"minecraft:skeleton":1,"friendsandfoes:glare":1,"monsterplus:glow_skeleton":1,"lilwings:red_applefly_butterfly":1,"minecraft:chicken":4,"goblintraders:goblin_trader":1,"restored_earth:bouldering_zombie":2},"minecraft:picked_up":{"minecraft:birch_log":22,"minecraft:cocoa_beans":9,"minecraft:feather":4,"minecraft:chicken":4,"minecraft:clay_ball":80,"minecraft:turtle_helmet":1,"minecraft:andesite":9,"minecraft:brown_mushroom":10,"minecraft:red_mushroom":19,"minecraft:birch_planks":2,"minecraft:enchanted_book":1,"minecraft:tuff":1,"minecraft:lapis_lazuli":30,"minecraft:dirt":16,"minecraft:raw_copper":12,"minecraft:bone":1,"minecraft:bow":1,"minecraft:wheat_seeds":1,"minecraft:raw_gold":18,"minecraft:cobbled_deepslate":41,"minecraft:cooked_chicken":1,"minecraft:moss_block":1,"minecraft:birch_sapling":5,"minecraft:furnace":1,"minecraft:egg":2,"minecraft:raw_iron":20,"minecraft:stick":3,"minecraft:torch":14,"minecraft:spyglass":1,"minecraft:gravel":4,"minecraft:amethyst_shard":9,"minecraft:rotten_flesh":2,"minecraft:arrow":2,"minecraft:granite":15,"minecraft:glow_berries":1,"minecraft:coal":25,"minecraft:cobblestone":112},"minecraft:mined":{"minecraft:tuff":1,"minecraft:brown_mushroom":10,"minecraft:jungle_leaves":2,"minecraft:clay":20,"minecraft:torch":6,"minecraft:granite":15,"minecraft:grass_block":5,"minecraft:mushroom_stem":1,"minecraft:cobblestone":27,"minecraft:copper_ore":3,"minecraft:deepslate_gold_ore":18,"minecraft:lapis_ore":4,"minecraft:moss_block":1,"minecraft:red_mushroom":11,"minecraft:wall_torch":5,"minecraft:birch_planks":1,"minecraft:cobbled_deepslate":2,"minecraft:birch_log":20,"minecraft:iron_ore":9,"minecraft:birch_leaves":6,"minecraft:andesite":13,"treechop:chopped_log":3,"minecraft:grass":6,"minecraft:deepslate_iron_ore":11,"minecraft:coal_ore":38,"minecraft:cocoa":5,"minecraft:vine":4,"minecraft:gravel":4,"minecraft:dirt":15,"minecraft:red_mushroom_block":26,"minecraft:stone":86,"minecraft:oak_leaves":1,"minecraft:deepslate":37},"minecraft:dropped":{"minecraft:birch_planks":1,"minecraft:cooked_chicken":3,"minecraft:mushroom_stew":6,"minecraft:stick":3,"minecraft:turtle_helmet":1,"minecraft:torch":15,"minecraft:stone_pickaxe":2}},"DataVersion":2975}