{"stats":{"minecraft:picked_up":{"minecraft:wooden_pickaxe":1,"minecraft:carrot":1,"skilltree:gem":5,"minecraft:raw_copper":72,"minecraft:cobbled_deepslate":1,"minecraft:glow_berries":1,"minecraft:cobblestone":12},"minecraft:dropped":{"minecraft:wooden_pickaxe":1},"minecraft:mined":{"minecraft:tuff":3,"minecraft:cave_vines":2,"minecraft:cobblestone":1,"minecraft:copper_ore":22,"minecraft:stone":12,"minecraft:deepslate":14},"minecraft:crafted":{"minecraft:cooked_beef":4,"minecraft:stick":4,"minecraft:stone_pickaxe":1,"minecraft:stone_sword":1,"minecraft:copper_ingot":40,"epicfight:stone_greatsword":1,"minecraft:air":0},"minecraft:used":{"minecraft:stone_sword":13,"minecraft:stone_pickaxe":67,"minecraft:wooden_pickaxe":23,"minecraft:carrot":1,"alexsmobs:animal_dictionary":3,"minecraft:cooked_beef":1},"minecraft:killed_by":{"darkestsouls:hollow_assassin":1},"minecraft:custom":{"minecraft:time_since_rest":4853,"minecraft:interact_with_furnace":25,"minecraft:sprint_one_cm":46322,"minecraft:damage_taken":100,"minecraft:walk_one_cm":191041,"minecraft:drop":1,"minecraft:damage_dealt":195,"minecraft:interact_with_crafting_table":4,"minecraft:fly_one_cm":18539,"minecraft:open_chest":30,"minecraft:crouch_one_cm":1805,"minecraft:play_time":27348,"minecraft:deaths":1,"minecraft:sneak_time":256,"minecraft:jump":87,"minecraft:interact_with_brewingstand":1,"minecraft:walk_on_water_one_cm":3364,"minecraft:time_since_death":23695,"minecraft:sleep_in_bed":1,"minecraft:climb_one_cm":9830,"minecraft:total_world_time":27348,"minecraft:fall_one_cm":723}},"DataVersion":3465}