{"stats":{"minecraft:custom":{"minecraft:interact_with_furnace":14,"minecraft:mob_kills":7,"minecraft:interact_with_crafting_table":12,"minecraft:leave_game":1,"minecraft:time_since_death":56614,"minecraft:climb_one_cm":1560,"minecraft:time_since_rest":56714,"champions:champion_mobs_killed":1,"minecraft:sprint_one_cm":58651,"minecraft:walk_one_cm":415553,"minecraft:damage_taken":914,"minecraft:damage_absorbed":213,"minecraft:drop":30,"minecraft:damage_dealt":1148,"minecraft:fly_one_cm":13806,"minecraft:open_chest":22,"minecraft:crouch_one_cm":11800,"minecraft:play_time":62146,"minecraft:deaths":1,"minecraft:sneak_time":5008,"minecraft:walk_under_water_one_cm":16329,"minecraft:jump":748,"minecraft:walk_on_water_one_cm":5524,"minecraft:total_world_time":62146,"minecraft:fall_one_cm":6701},"minecraft:crafted":{"minecraft:wooden_shovel":1,"minecraft:cooked_porkchop":4,"minecraft:wooden_pickaxe":1,"minecraft:cooked_chicken":4,"minecraft:bowl":4,"minecraft:mushroom_stew":10,"minecraft:birch_planks":12,"minecraft:air":154,"minecraft:charcoal":6,"minecraft:stick":8,"minecraft:wooden_axe":1,"minecraft:stone_pickaxe":3,"minecraft:torch":12},"minecraft:killed_by":{"dannys_expansion:floam":1},"minecraft:used":{"minecraft:birch_planks":1,"minecraft:stone_shovel":36,"minecraft:stone_pickaxe":176,"minecraft:wooden_pickaxe":24,"minecraft:wooden_shovel":12,"minecraft:cooked_chicken":2,"minecraft:torch":23,"minecraft:dirt":2,"minecraft:mushroom_stew":2,"minecraft:wooden_axe":14,"minecraft:bread":6,"epicfight:stone_greatsword":25,"minecraft:stone_axe":48,"minecraft:cobblestone":67,"minecraft:cobbled_deepslate":20},"minecraft:killed":{"monsterplus:glow_skeleton":1,"lilwings:red_applefly_butterfly":1,"minecraft:chicken":4,"goblintraders:goblin_trader":1},"minecraft:picked_up":{"minecraft:birch_log":22,"minecraft:cocoa_beans":9,"minecraft:feather":4,"minecraft:chicken":4,"minecraft:clay_ball":80,"minecraft:andesite":9,"minecraft:brown_mushroom":10,"minecraft:red_mushroom":19,"minecraft:birch_planks":2,"minecraft:lapis_lazuli":30,"minecraft:dirt":13,"minecraft:raw_copper":12,"minecraft:bone":1,"minecraft:wheat_seeds":1,"minecraft:cobbled_deepslate":20,"minecraft:cooked_chicken":1,"minecraft:moss_block":1,"minecraft:birch_sapling":5,"minecraft:egg":2,"minecraft:raw_iron":9,"minecraft:stick":3,"minecraft:torch":9,"minecraft:gravel":4,"minecraft:arrow":2,"minecraft:granite":15,"minecraft:coal":25,"minecraft:cobblestone":89},"minecraft:mined":{"minecraft:brown_mushroom":10,"minecraft:jungle_leaves":2,"minecraft:clay":20,"minecraft:torch":3,"minecraft:granite":15,"minecraft:grass_block":5,"minecraft:mushroom_stem":1,"minecraft:cobblestone":2,"minecraft:copper_ore":3,"minecraft:lapis_ore":4,"minecraft:moss_block":1,"minecraft:red_mushroom":11,"minecraft:wall_torch":4,"minecraft:birch_planks":1,"minecraft:cobbled_deepslate":1,"minecraft:birch_log":20,"minecraft:iron_ore":9,"minecraft:birch_leaves":6,"minecraft:andesite":13,"treechop:chopped_log":3,"minecraft:grass":6,"minecraft:coal_ore":38,"minecraft:cocoa":5,"minecraft:vine":4,"minecraft:gravel":4,"minecraft:dirt":8,"minecraft:red_mushroom_block":26,"minecraft:stone":86,"minecraft:oak_leaves":1,"minecraft:deepslate":20},"minecraft:dropped":{"minecraft:birch_planks":1,"minecraft:cooked_chicken":3,"minecraft:mushroom_stew":6,"minecraft:stick":3,"minecraft:torch":15,"minecraft:stone_pickaxe":2}},"DataVersion":2975}