{"stats":{"minecraft:killed":{"born_in_chaos_v1:corpse_fly":1},"minecraft:picked_up":{"minecraft:beetroot":6,"minecraft:spruce_planks":39,"minecraft:carrot":16,"minecraft:cobblestone":31},"minecraft:dropped":{"minecraft:spruce_planks":39,"minecraft:carrot":1},"minecraft:crafted":{"minecraft:spruce_planks":12,"minecraft:stick":12,"minecraft:stone_pickaxe":1,"minecraft:stone_sword":1},"minecraft:used":{"minecraft:rotten_flesh":2,"minecraft:beetroot":1,"alexsmobs:animal_dictionary":1},"minecraft:killed_by":{"minecraft:skeleton":1,"darkestsouls:hollow_assassin":1,"born_in_chaos_v1:corpse_fly":2},"minecraft:custom":{"minecraft:time_since_rest":7685,"minecraft:open_chest":18,"minecraft:crouch_one_cm":619,"minecraft:interact_with_furnace":1,"minecraft:play_time":21609,"minecraft:sprint_one_cm":39955,"minecraft:walk_one_cm":145655,"minecraft:damage_taken":445,"minecraft:deaths":4,"minecraft:sneak_time":70,"minecraft:mob_kills":1,"minecraft:drop":2,"minecraft:jump":97,"minecraft:damage_dealt":102,"minecraft:leave_game":1,"minecraft:time_since_death":7652,"minecraft:climb_one_cm":13498,"minecraft:total_world_time":21609,"minecraft:interact_with_smoker":2,"minecraft:interact_with_crafting_table":4,"minecraft:fall_one_cm":1254,"minecraft:fly_one_cm":20492}},"DataVersion":3465}