{"stats":{"minecraft:killed":{"born_in_chaos_v1:corpse_fly":1},"minecraft:picked_up":{"minecraft:beetroot":4,"minecraft:spruce_planks":39},"minecraft:dropped":{"minecraft:spruce_planks":39},"minecraft:used":{"minecraft:rotten_flesh":2,"minecraft:beetroot":1,"alexsmobs:animal_dictionary":1},"minecraft:killed_by":{"minecraft:skeleton":1,"born_in_chaos_v1:corpse_fly":2},"minecraft:custom":{"minecraft:time_since_rest":6593,"minecraft:open_chest":7,"minecraft:crouch_one_cm":131,"minecraft:play_time":12853,"minecraft:sprint_one_cm":22943,"minecraft:walk_one_cm":74888,"minecraft:damage_taken":330,"minecraft:deaths":3,"minecraft:sneak_time":25,"minecraft:mob_kills":1,"minecraft:drop":1,"minecraft:jump":69,"minecraft:damage_dealt":102,"minecraft:time_since_death":6549,"minecraft:climb_one_cm":2074,"minecraft:total_world_time":12853,"minecraft:interact_with_smoker":2,"minecraft:fall_one_cm":836,"minecraft:fly_one_cm":14210}},"DataVersion":3465}