{"stats":{"minecraft:killed":{"darkestsouls:hollow_broken_straightsword":1,"born_in_chaos_v1:corpse_fly":1},"minecraft:picked_up":{"epicfight:stone_greatsword":1,"minecraft:carrot":16,"minecraft:stone_sword":1,"minecraft:beetroot":6,"minecraft:spruce_planks":39,"darkestsouls:small_soul_fragment":1,"minecraft:coal":5,"minecraft:cobblestone":42},"minecraft:dropped":{"minecraft:stone_sword":1,"minecraft:spruce_planks":39,"minecraft:carrot":1,"minecraft:coal":3},"minecraft:mined":{"minecraft:coal_ore":2,"minecraft:stone":12},"minecraft:crafted":{"minecraft:spruce_planks":12,"minecraft:stick":12,"minecraft:stone_pickaxe":1,"minecraft:stone_sword":1},"minecraft:used":{"minecraft:beetroot":1,"minecraft:stone_pickaxe":14,"epicfight:stone_greatsword":1,"minecraft:rotten_flesh":2,"alexsmobs:animal_dictionary":1},"minecraft:killed_by":{"darkestsouls:leech":4,"darkestsouls:sewer_centipede":1,"born_in_chaos_v1:corpse_fly":2,"minecraft:skeleton":1,"darkestsouls:hollow_assassin":1},"minecraft:custom":{"minecraft:time_since_rest":5824,"minecraft:interact_with_furnace":1,"minecraft:sprint_one_cm":87126,"minecraft:damage_taken":853,"minecraft:walk_one_cm":400958,"minecraft:mob_kills":2,"minecraft:drop":6,"minecraft:damage_dealt":407,"minecraft:interact_with_crafting_table":4,"minecraft:fly_one_cm":100775,"minecraft:open_chest":32,"minecraft:crouch_one_cm":16686,"minecraft:play_time":44787,"minecraft:deaths":9,"minecraft:sneak_time":2046,"minecraft:jump":467,"minecraft:leave_game":1,"minecraft:time_since_death":5780,"minecraft:total_world_time":44787,"minecraft:climb_one_cm":20069,"minecraft:interact_with_smoker":3,"minecraft:fall_one_cm":2781}},"DataVersion":3465}