{"stats":{"minecraft:killed":{"darkestsouls:hollow_broken_straightsword":1,"born_in_chaos_v1:corpse_fly":1},"minecraft:picked_up":{"minecraft:stick":12,"minecraft:raw_iron":3,"epicfight:stone_greatsword":1,"minecraft:oak_log":1,"minecraft:carrot":30,"minecraft:stone_sword":1,"minecraft:rotten_flesh":2,"minecraft:beetroot":6,"minecraft:spruce_planks":39,"minecraft:iron_ingot":1,"darkestsouls:small_soul_fragment":1,"minecraft:coal":5,"minecraft:mangrove_log":1,"minecraft:cobblestone":184},"minecraft:broken":{"minecraft:stone_pickaxe":1},"minecraft:dropped":{"minecraft:stone_sword":2,"minecraft:spruce_planks":39,"minecraft:carrot":1,"minecraft:coal":3},"minecraft:crafted":{"minecraft:oak_planks":4,"minecraft:spruce_planks":12,"minecraft:stick":20,"minecraft:stone_pickaxe":2,"minecraft:stone_sword":3},"minecraft:mined":{"minecraft:large_fern":3,"minecraft:iron_ore":3,"minecraft:coal_ore":2,"minecraft:stone":140},"minecraft:used":{"minecraft:beetroot":1,"minecraft:stone_sword":3,"minecraft:stone_pickaxe":145,"epicfight:stone_greatsword":1,"minecraft:rotten_flesh":2,"minecraft:cobblestone":1,"minecraft:carrot":6,"alexsmobs:animal_dictionary":1},"minecraft:killed_by":{"darkestsouls:leech":4,"darkestsouls:sewer_centipede":1,"born_in_chaos_v1:corpse_fly":2,"minecraft:skeleton":1,"darkestsouls:hollow_assassin":1},"minecraft:custom":{"minecraft:time_since_rest":4638,"minecraft:interact_with_smithing_table":1,"minecraft:interact_with_furnace":1,"minecraft:sprint_one_cm":155156,"minecraft:damage_taken":883,"minecraft:walk_one_cm":522083,"minecraft:mob_kills":2,"minecraft:drop":7,"minecraft:damage_dealt":407,"minecraft:interact_with_crafting_table":8,"minecraft:fly_one_cm":210770,"minecraft:open_chest":50,"minecraft:crouch_one_cm":44622,"minecraft:play_time":68787,"minecraft:deaths":9,"minecraft:sneak_time":6141,"minecraft:jump":778,"minecraft:leave_game":1,"minecraft:sleep_in_bed":1,"minecraft:time_since_death":29780,"minecraft:total_world_time":68787,"minecraft:climb_one_cm":33169,"minecraft:interact_with_smoker":3,"minecraft:fall_one_cm":4871}},"DataVersion":3465}