{"stats":{"minecraft:killed":{"born_in_chaos_v1:corpse_fly":1},"minecraft:picked_up":{"minecraft:stone_sword":1,"epicfight:stone_greatsword":1,"minecraft:beetroot":6,"minecraft:spruce_planks":39,"minecraft:carrot":16,"minecraft:coal":3,"minecraft:cobblestone":42},"minecraft:dropped":{"minecraft:stone_sword":1,"minecraft:spruce_planks":39,"minecraft:carrot":1},"minecraft:mined":{"minecraft:coal_ore":2,"minecraft:stone":12},"minecraft:crafted":{"minecraft:stone_sword":1,"minecraft:spruce_planks":12,"minecraft:stick":12,"minecraft:stone_pickaxe":1},"minecraft:used":{"minecraft:beetroot":1,"minecraft:stone_pickaxe":14,"alexsmobs:animal_dictionary":1,"minecraft:rotten_flesh":2},"minecraft:killed_by":{"minecraft:skeleton":1,"darkestsouls:hollow_assassin":1,"born_in_chaos_v1:corpse_fly":2},"minecraft:custom":{"minecraft:time_since_rest":18863,"minecraft:open_chest":25,"minecraft:crouch_one_cm":6815,"minecraft:play_time":32787,"minecraft:interact_with_furnace":1,"minecraft:sprint_one_cm":45734,"minecraft:deaths":4,"minecraft:damage_taken":445,"minecraft:walk_one_cm":250471,"minecraft:sneak_time":984,"minecraft:mob_kills":1,"minecraft:drop":3,"minecraft:jump":227,"minecraft:damage_dealt":102,"minecraft:leave_game":1,"minecraft:time_since_death":18830,"minecraft:interact_with_smoker":2,"minecraft:climb_one_cm":13498,"minecraft:total_world_time":32787,"minecraft:interact_with_crafting_table":4,"minecraft:fall_one_cm":1463,"minecraft:fly_one_cm":31554}},"DataVersion":3465}