{"stats":{"minecraft:killed":{"darkestsouls:hollow_broken_straightsword":1,"born_in_chaos_v1:corpse_fly":1},"minecraft:picked_up":{"minecraft:stick":12,"minecraft:raw_iron":9,"epicfight:stone_greatsword":1,"minecraft:torch":6,"minecraft:oak_log":1,"minecraft:carrot":30,"skilltree:gem":2,"minecraft:dirt":3,"minecraft:stone_sword":4,"minecraft:rotten_flesh":4,"minecraft:beetroot":6,"minecraft:spruce_planks":39,"minecraft:iron_ingot":3,"minecraft:stone_pickaxe":4,"darkestsouls:small_soul_fragment":1,"minecraft:coal":14,"minecraft:mangrove_log":1,"minecraft:cobblestone":205},"minecraft:broken":{"minecraft:stone_pickaxe":1},"minecraft:dropped":{"minecraft:stone_sword":2,"minecraft:spruce_planks":39,"minecraft:carrot":5,"minecraft:coal":3},"minecraft:crafted":{"minecraft:oak_planks":4,"minecraft:spruce_planks":12,"minecraft:stick":20,"minecraft:stone_pickaxe":2,"minecraft:stone_sword":3},"minecraft:mined":{"minecraft:large_fern":3,"minecraft:iron_ore":3,"minecraft:ice":2,"minecraft:coal_ore":11,"minecraft:stone":140},"minecraft:used":{"minecraft:beetroot":1,"minecraft:stone_sword":3,"minecraft:stone_pickaxe":156,"epicfight:stone_greatsword":1,"minecraft:rotten_flesh":2,"minecraft:cobblestone":44,"minecraft:carrot":8,"alexsmobs:animal_dictionary":1},"minecraft:killed_by":{"alexsmobs:froststalker":1,"darkestsouls:leech":4,"darkestsouls:sewer_centipede":1,"born_in_chaos_v1:corpse_fly":2,"minecraft:skeleton":1,"darkestsouls:hollow_assassin":1},"minecraft:custom":{"minecraft:time_since_rest":1114,"minecraft:interact_with_smithing_table":1,"minecraft:interact_with_furnace":1,"minecraft:sprint_one_cm":207573,"minecraft:damage_taken":1348,"minecraft:walk_one_cm":607540,"minecraft:mob_kills":2,"minecraft:drop":11,"minecraft:damage_dealt":407,"minecraft:swim_one_cm":1849,"minecraft:interact_with_crafting_table":8,"minecraft:fly_one_cm":304773,"minecraft:open_chest":50,"minecraft:crouch_one_cm":54178,"minecraft:play_time":80787,"minecraft:deaths":11,"minecraft:sneak_time":7561,"minecraft:walk_under_water_one_cm":4713,"minecraft:jump":1173,"minecraft:walk_on_water_one_cm":9234,"minecraft:leave_game":1,"minecraft:sleep_in_bed":1,"minecraft:time_since_death":1086,"minecraft:total_world_time":80787,"minecraft:climb_one_cm":33353,"minecraft:interact_with_smoker":3,"minecraft:fall_one_cm":13814}},"DataVersion":3465}