{"stats":{"minecraft:mined":{"minecraft:granite":4,"minecraft:grass_block":8,"minecraft:jungle_planks":1,"minecraft:jungle_log":20,"minecraft:cobblestone":1,"minecraft:oak_planks":3,"minecraft:diorite":15,"minecraft:birch_log":10,"minecraft:iron_ore":2,"treechop:chopped_log":7,"minecraft:grass":2,"minecraft:oak_log":6,"minecraft:coal_ore":44,"minecraft:vine":2,"minecraft:dirt":34,"minecraft:stone":265,"minecraft:oak_leaves":4,"minecraft:fern":1},"minecraft:killed_by":{"alexsmobs:skelewag":1,"monsterplus:overgrown_skeleton":1,"minecraft:skeleton":1},"minecraft:dropped":{"minecraft:dirt":2,"minecraft:wooden_axe":1,"minecraft:wooden_pickaxe":1},"minecraft:used":{"quark:birch_chest":4,"minecraft:stone_pickaxe":333,"minecraft:oak_planks":31,"magistuarmory:stone_ranseur":34,"minecraft:wooden_pickaxe":10,"minecraft:cooked_chicken":1,"minecraft:torch":10,"minecraft:dirt":26,"minecraft:spyglass":7,"minecraft:crafting_table":3,"minecraft:jungle_planks":32,"minecraft:cobblestone_wall":9,"minecraft:wooden_axe":52,"minecraft:bread":6,"minecraft:cobblestone":46,"minecraft:furnace":2,"minecraft:cooked_porkchop":2,"minecraft:oak_boat":1,"minecraft:cooked_beef":3},"minecraft:picked_up":{"minecraft:birch_log":12,"minecraft:feather":1,"minecraft:chicken":1,"minecraft:jungle_log":13,"minecraft:leather":3,"minecraft:wooden_pickaxe":1,"paraglider:spirit_orb":1,"minecraft:oak_log":11,"minecraft:dirt":41,"minecraft:bone":1,"minecraft:wheat_seeds":1,"minecraft:beef":3,"minecraft:birch_sapling":1,"minecraft:oak_planks":2,"minecraft:raw_iron":2,"minecraft:porkchop":3,"minecraft:jungle_planks":1,"minecraft:diorite":15,"minecraft:coal":44,"minecraft:cobblestone":263},"minecraft:broken":{"minecraft:stone_pickaxe":2},"minecraft:killed":{"minecraft:pig":1,"minecraft:skeleton":1,"minecraft:zombie":1,"minecraft:chicken":1,"minecraft:cow":2},"minecraft:custom":{"minecraft:interact_with_furnace":11,"minecraft:mob_kills":6,"minecraft:interact_with_crafting_table":16,"minecraft:leave_game":2,"minecraft:time_since_death":46471,"minecraft:time_since_rest":46496,"minecraft:sprint_one_cm":150723,"champions:champion_mobs_killed":2,"minecraft:damage_taken":1490,"minecraft:walk_one_cm":290487,"minecraft:drop":4,"minecraft:damage_dealt":1124,"minecraft:damage_dealt_absorbed":25,"minecraft:fly_one_cm":36597,"minecraft:open_chest":4,"minecraft:crouch_one_cm":23147,"minecraft:play_time":75579,"minecraft:deaths":3,"minecraft:sneak_time":5366,"minecraft:boat_one_cm":382,"minecraft:jump":593,"minecraft:total_world_time":75579,"minecraft:fall_one_cm":6498},"minecraft:crafted":{"minecraft:cooked_beef":3,"paraglider:paraglider":1,"minecraft:oak_planks":44,"quark:birch_chest":1,"minecraft:cooked_porkchop":3,"minecraft:crafting_table":3,"minecraft:wooden_pickaxe":1,"minecraft:cooked_chicken":1,"minecraft:furnace":2,"minecraft:stone_axe":1,"minecraft:air":108,"minecraft:jungle_planks":6,"minecraft:oak_boat":1,"minecraft:shield":1,"minecraft:stick":24,"minecraft:iron_ingot":2,"minecraft:stone_pickaxe":2,"minecraft:wooden_axe":1,"minecraft:cobblestone_wall":18,"minecraft:torch":2}},"DataVersion":2975}