{"stats":{"minecraft:mined":{"treechop:chopped_log":5,"minecraft:grass":1,"minecraft:oak_log":6,"minecraft:vine":2,"minecraft:jungle_log":20,"minecraft:dirt":1,"minecraft:oak_planks":1,"minecraft:oak_leaves":4,"minecraft:fern":1},"minecraft:custom":{"minecraft:time_since_rest":3594,"champions:champion_mobs_killed":2,"minecraft:sprint_one_cm":35990,"minecraft:damage_taken":923,"minecraft:walk_one_cm":67741,"minecraft:mob_kills":3,"minecraft:damage_dealt":618,"minecraft:damage_dealt_absorbed":13,"minecraft:interact_with_crafting_table":2,"minecraft:fly_one_cm":8930,"minecraft:crouch_one_cm":8041,"minecraft:play_time":17247,"minecraft:deaths":2,"minecraft:sneak_time":2390,"minecraft:boat_one_cm":382,"minecraft:jump":81,"minecraft:leave_game":1,"minecraft:time_since_death":3559,"minecraft:total_world_time":17247,"minecraft:fall_one_cm":1894},"minecraft:picked_up":{"minecraft:jungle_log":13,"minecraft:leather":2,"paraglider:spirit_orb":1,"minecraft:oak_log":11,"minecraft:bone":1,"minecraft:beef":1,"minecraft:oak_planks":1},"minecraft:used":{"minecraft:wooden_axe":34,"minecraft:bread":6,"minecraft:oak_planks":25,"magistuarmory:stone_ranseur":13,"minecraft:crafting_table":1,"minecraft:oak_boat":1},"minecraft:crafted":{"minecraft:oak_boat":1,"minecraft:oak_planks":44,"minecraft:crafting_table":1,"minecraft:stick":4,"minecraft:wooden_axe":1,"minecraft:air":44,"minecraft:jungle_planks":6},"minecraft:killed_by":{"alexsmobs:skelewag":1,"minecraft:skeleton":1},"minecraft:killed":{"minecraft:skeleton":1,"minecraft:zombie":1,"minecraft:cow":1}},"DataVersion":2975}