{"stats":{"minecraft:broken":{"minecraft:stone_pickaxe":2,"minecraft:leather_boots":1,"minecraft:stone_shovel":1},"minecraft:dropped":{"minecraft:bread":3,"born_in_chaos_v1:intoxicating_decoction":1,"minecraft:golden_helmet":1,"minecraft:dirt":85,"minecraft:torch":5,"minecraft:iron_axe":1,"epicfight:iron_spear":1,"minecraft:stone_sword":3,"minecraft:raw_iron":6,"minecraft:stone_shovel":1,"minecraft:carrot":20,"born_in_chaos_v1:intoxicating_dagger":1,"minecraft:spruce_log":45,"minecraft:stone_pickaxe":1,"minecraft:wooden_pickaxe":1},"minecraft:crafted":{"minecraft:stone_shovel":2,"epicfight:iron_spear":2,"minecraft:bone_meal":51,"minecraft:stone_pickaxe":3,"minecraft:stone_hoe":1,"minecraft:wheat":45,"minecraft:crafting_table":3,"minecraft:spruce_planks":44,"minecraft:wooden_pickaxe":1,"minecraft:iron_helmet":1,"minecraft:iron_sword":2,"minecraft:spruce_door":6,"minecraft:stone_axe":1,"minecraft:bread":19,"minecraft:shield":1,"minecraft:stick":24,"minecraft:iron_ingot":22,"minecraft:stone_sword":2},"minecraft:used":{"minecraft:beetroot":1,"minecraft:stone_sword":9,"minecraft:stone_shovel":131,"minecraft:spruce_planks":6,"minecraft:shield":8,"minecraft:stone_hoe":119,"minecraft:rotten_flesh":2,"minecraft:torch":20,"minecraft:carrot":55,"born_in_chaos_v1:smoked_flesh":1,"minecraft:iron_helmet":1,"born_in_chaos_v1:intoxicating_dagger":22,"epicfight:stone_greatsword":8,"minecraft:stone_bricks":3,"minecraft:hay_block":3,"minecraft:cooked_beef":1,"minecraft:wheat_seeds":35,"epicfight:iron_spear":15,"minecraft:spruce_door":1,"minecraft:stone_pickaxe":327,"minecraft:wooden_pickaxe":20,"minecraft:leather_boots":2,"minecraft:crafting_table":2,"minecraft:spruce_log":1,"born_in_chaos_v1:monster_flesh":2,"minecraft:bread":13,"minecraft:iron_pickaxe":131,"minecraft:golden_leggings":2,"minecraft:stone_axe":118,"minecraft:cobblestone":26,"alexsmobs:animal_dictionary":1,"minecraft:bone_meal":59},"minecraft:killed_by":{"minecraft:player":1,"born_in_chaos_v1:zombie_lumberjack":1,"born_in_chaos_v1:corpse_fly":1,"born_in_chaos_v1:bonescaller":1,"minecraft:silverfish":1,"born_in_chaos_v1:siamese_skeletons":1,"darkestsouls:beast_patient":4,"darkestsouls:hollow_longsword":2},"minecraft:custom":{"minecraft:mob_kills":12,"minecraft:interact_with_crafting_table":18,"minecraft:open_barrel":17,"minecraft:damage_dealt_resisted":1,"minecraft:leave_game":3,"minecraft:time_since_death":187,"minecraft:climb_one_cm":43620,"minecraft:sprint_one_cm":771645,"minecraft:walk_one_cm":804259,"minecraft:damage_blocked_by_shield":300,"minecraft:drop":25,"minecraft:damage_dealt_absorbed":98,"minecraft:play_time":150843,"minecraft:deaths":12,"minecraft:sneak_time":185,"minecraft:walk_under_water_one_cm":440,"minecraft:jump":1009,"minecraft:walk_on_water_one_cm":2887,"minecraft:total_world_time":150843,"minecraft:interact_with_furnace":7,"minecraft:sleep_in_bed":1,"minecraft:time_since_rest":223,"minecraft:damage_taken":2182,"minecraft:damage_dealt":2812,"minecraft:swim_one_cm":308,"minecraft:fly_one_cm":195360,"minecraft:open_chest":39,"minecraft:crouch_one_cm":1047,"minecraft:fall_one_cm":10397},"minecraft:mined":{"darkestsouls:siderite_ore":3,"born_in_chaos_v1:cultivated_pumpkin":3,"minecraft:spruce_planks":3,"minecraft:glow_lichen":1,"minecraft:spruce_leaves":13,"minecraft:hay_block":8,"minecraft:oak_trapdoor":1,"minecraft:carrots":13,"minecraft:iron_ore":6,"minecraft:barrel":1,"minecraft:snow":5,"minecraft:stone":332,"minecraft:spruce_slab":1,"minecraft:light_gray_carpet":1,"minecraft:snow_block":40,"minecraft:torch":1,"minecraft:tall_grass":2,"minecraft:copper_ore":23,"minecraft:cobblestone":9,"minecraft:lapis_ore":4,"minecraft:wall_torch":2,"minecraft:spruce_stairs":2,"minecraft:wheat":13,"minecraft:white_carpet":1,"minecraft:spruce_log":119,"minecraft:stone_brick_stairs":1,"minecraft:grass":1,"darkestsouls:cinnabar_ore":46,"minecraft:dirt":87,"minecraft:gravel":2,"minecraft:cobweb":1,"minecraft:stone_bricks":4,"minecraft:mossy_stone_bricks":1,"minecraft:deepslate":27},"minecraft:picked_up":{"minecraft:iron_chestplate":2,"minecraft:wheat":12,"minecraft:wooden_pickaxe":2,"minecraft:stone_brick_stairs":1,"minecraft:shield":2,"minecraft:amethyst_block":9,"minecraft:iron_axe":4,"minecraft:string":3,"minecraft:oak_trapdoor":4,"minecraft:raw_copper":75,"born_in_chaos_v1:intoxicating_decoction":2,"minecraft:white_carpet":1,"minecraft:beetroot":3,"minecraft:cobbled_deepslate":26,"minecraft:spruce_planks":35,"minecraft:redstone_torch":2,"minecraft:iron_pickaxe":5,"minecraft:spruce_slab":3,"minecraft:iron_boots":1,"minecraft:golden_helmet":1,"minecraft:stick":20,"minecraft:raw_iron":6,"minecraft:torch":89,"minecraft:spruce_stairs":4,"minecraft:carrot":69,"minecraft:stone_sword":4,"minecraft:arrow":1,"minecraft:rotten_flesh":30,"minecraft:hay_block":8,"born_in_chaos_v1:cultivated_pumpkin":3,"minecraft:snowball":158,"minecraft:cobblestone":491,"born_in_chaos_v1:corpse_maggot":2,"minecraft:cooked_beef":12,"minecraft:golden_leggings":7,"minecraft:flint":3,"darkestsouls:cinnabar":63,"minecraft:gunpowder":3,"minecraft:cobblestone_stairs":9,"minecraft:dirt":172,"minecraft:lapis_lazuli":40,"minecraft:leather_boots":2,"minecraft:bone":9,"minecraft:apple":6,"born_in_chaos_v1:intoxicating_dagger":9,"minecraft:stone_bricks":5,"minecraft:wheat_seeds":35,"minecraft:stone_pickaxe":7,"endrem:cold_eye":1,"darkestsouls:blood_stone_fragment":1,"minecraft:stone_hoe":1,"minecraft:sweet_berries":3,"epicfight:stone_greatsword":6,"epicfight:iron_spear":2,"born_in_chaos_v1:ethereal_spirit":2,"minecraft:gravel":1,"minecraft:spruce_sapling":14,"minecraft:spruce_log":119,"minecraft:barrel":1,"darkestsouls:siderite_fragment":6,"minecraft:stone_axe":4,"minecraft:iron_helmet":3,"minecraft:bone_meal":2,"minecraft:bread":17,"minecraft:light_gray_carpet":2,"minecraft:coal":177},"minecraft:killed":{"alexsmobs:froststalker":1,"minecraft:silverfish":3,"darkestsouls:hollow_assassin":1,"darkestsouls:hollow_longsword":1,"born_in_chaos_v1:spiritof_chaos":1,"minecraft:creeper":1,"born_in_chaos_v1:decrepit_skeleton":1,"minecraft:zombie":2,"born_in_chaos_v1:corpse_fly":1}},"DataVersion":3465}