{"stats":{"minecraft:custom":{"minecraft:time_since_rest":2942,"minecraft:open_chest":4,"minecraft:deaths":5,"minecraft:play_time":22993,"minecraft:sprint_one_cm":143041,"minecraft:damage_taken":510,"minecraft:walk_one_cm":69868,"minecraft:walk_under_water_one_cm":440,"minecraft:drop":2,"minecraft:jump":241,"minecraft:damage_dealt":60,"minecraft:leave_game":2,"minecraft:walk_on_water_one_cm":283,"minecraft:time_since_death":2897,"minecraft:total_world_time":22993,"minecraft:swim_one_cm":308,"minecraft:fall_one_cm":3809,"minecraft:fly_one_cm":80820,"minecraft:open_barrel":5},"minecraft:killed_by":{"darkestsouls:hollow_longsword":1,"darkestsouls:beast_patient":2,"born_in_chaos_v1:corpse_fly":1,"minecraft:player":1},"minecraft:dropped":{"born_in_chaos_v1:intoxicating_decoction":1,"born_in_chaos_v1:intoxicating_dagger":1},"minecraft:picked_up":{"born_in_chaos_v1:intoxicating_decoction":2,"minecraft:rotten_flesh":3,"born_in_chaos_v1:intoxicating_dagger":2,"minecraft:hay_block":6,"minecraft:spruce_log":9},"minecraft:used":{"minecraft:beetroot":1,"born_in_chaos_v1:smoked_flesh":1,"minecraft:hay_block":1,"born_in_chaos_v1:monster_flesh":2,"alexsmobs:animal_dictionary":1,"minecraft:spruce_log":1,"minecraft:rotten_flesh":2},"minecraft:mined":{"minecraft:grass":1,"minecraft:tall_grass":1,"minecraft:spruce_leaves":7,"minecraft:spruce_log":9,"minecraft:hay_block":6}},"DataVersion":3465}