{"stats":{"minecraft:custom":{"minecraft:interact_with_furnace":12,"minecraft:mob_kills":8,"minecraft:traded_with_villager":2,"minecraft:interact_with_crafting_table":17,"goblintraders:trade_with_goblin":2,"minecraft:leave_game":7,"minecraft:time_since_death":138466,"minecraft:climb_one_cm":589,"minecraft:time_since_rest":138491,"champions:champion_mobs_killed":2,"minecraft:sprint_one_cm":231273,"minecraft:damage_absorbed":28,"minecraft:damage_taken":2143,"minecraft:walk_one_cm":606803,"minecraft:drop":7,"minecraft:damage_dealt":1694,"minecraft:swim_one_cm":2582,"minecraft:damage_dealt_absorbed":36,"minecraft:talked_to_villager":2,"minecraft:fly_one_cm":56799,"minecraft:open_chest":7,"minecraft:crouch_one_cm":29815,"minecraft:play_time":167574,"minecraft:deaths":3,"minecraft:sneak_time":7608,"minecraft:walk_under_water_one_cm":2258,"minecraft:boat_one_cm":382,"minecraft:jump":1279,"minecraft:walk_on_water_one_cm":603,"minecraft:total_world_time":167574,"minecraft:fall_one_cm":11431},"minecraft:crafted":{"minecraft:cooked_beef":3,"paraglider:paraglider":1,"minecraft:oak_planks":44,"minecraft:emerald":2,"quark:birch_chest":1,"minecraft:cooked_porkchop":3,"minecraft:crafting_table":3,"minecraft:wooden_pickaxe":1,"minecraft:cooked_chicken":1,"minecraft:furnace":2,"magistuarmory:bear_decoration":2,"minecraft:stone_axe":1,"minecraft:air":108,"minecraft:jungle_planks":6,"minecraft:oak_boat":1,"minecraft:shield":1,"minecraft:stick":24,"minecraft:iron_ingot":2,"minecraft:stone_pickaxe":3,"minecraft:wooden_axe":1,"minecraft:cobblestone_wall":18,"minecraft:torch":2},"minecraft:killed_by":{"alexsmobs:skelewag":1,"monsterplus:overgrown_skeleton":1,"minecraft:skeleton":1},"minecraft:used":{"quark:birch_chest":4,"minecraft:stone_pickaxe":416,"minecraft:oak_planks":31,"magistuarmory:stone_ranseur":46,"minecraft:wooden_pickaxe":10,"minecraft:cooked_chicken":1,"minecraft:torch":13,"minecraft:dirt":46,"minecraft:spyglass":7,"minecraft:crafting_table":3,"minecraft:jungle_planks":32,"minecraft:cobblestone_wall":9,"minecraft:wooden_axe":52,"minecraft:melon_slice":6,"untamedwilds:food_bear_cooked":4,"minecraft:bread":6,"minecraft:stone_axe":63,"minecraft:cobblestone":46,"minecraft:furnace":2,"minecraft:cooked_porkchop":3,"minecraft:oak_boat":1,"minecraft:cooked_beef":3},"minecraft:killed":{"minecraft:pig":3,"minecraft:skeleton":1,"minecraft:zombie":1,"minecraft:chicken":1,"minecraft:cow":2},"minecraft:picked_up":{"minecraft:birch_log":45,"minecraft:feather":1,"minecraft:chicken":1,"minecraft:jungle_log":13,"minecraft:leather":3,"minecraft:wooden_pickaxe":1,"minecraft:mushroom_stew":3,"paraglider:spirit_orb":1,"minecraft:oak_log":11,"minecraft:dirt":52,"minecraft:raw_copper":24,"minecraft:bone":1,"minecraft:wheat_seeds":2,"minecraft:beef":3,"minecraft:cooked_chicken":1,"minecraft:poppy":1,"minecraft:melon_slice":6,"minecraft:birch_sapling":4,"minecraft:oak_planks":2,"hexerei:animal_fat":1,"minecraft:stick":2,"minecraft:raw_iron":2,"minecraft:torch":1,"minecraft:porkchop":7,"minecraft:jungle_planks":1,"minecraft:diorite":15,"minecraft:stone_axe":1,"minecraft:granite":1,"minecraft:coal":44,"minecraft:cobblestone":325},"minecraft:mined":{"minecraft:torch":1,"minecraft:granite":5,"minecraft:poppy":1,"minecraft:grass_block":10,"minecraft:melon":1,"minecraft:jungle_planks":1,"minecraft:jungle_log":20,"minecraft:copper_ore":8,"minecraft:cobblestone":1,"minecraft:oak_planks":3,"minecraft:diorite":15,"minecraft:birch_log":41,"minecraft:iron_ore":2,"minecraft:birch_leaves":20,"treechop:chopped_log":11,"minecraft:grass":8,"minecraft:oak_log":6,"minecraft:coal_ore":44,"minecraft:vine":2,"minecraft:dirt":43,"minecraft:stone":338,"minecraft:oak_leaves":4,"minecraft:fern":1},"minecraft:broken":{"minecraft:stone_pickaxe":3},"minecraft:dropped":{"minecraft:stone_axe":1,"minecraft:dirt":4,"minecraft:wooden_axe":1,"minecraft:wooden_pickaxe":1}},"DataVersion":2975}