{"stats":{"minecraft:mined":{"minecraft:iron_ore":2,"treechop:chopped_log":5,"minecraft:grass":1,"minecraft:coal_ore":32,"minecraft:grass_block":5,"minecraft:oak_log":6,"minecraft:jungle_planks":1,"minecraft:vine":2,"minecraft:jungle_log":20,"minecraft:dirt":18,"minecraft:stone":188,"minecraft:oak_planks":3,"minecraft:diorite":6,"minecraft:oak_leaves":4,"minecraft:fern":1},"minecraft:killed_by":{"alexsmobs:skelewag":1,"monsterplus:overgrown_skeleton":1,"minecraft:skeleton":1},"minecraft:dropped":{"minecraft:wooden_pickaxe":1},"minecraft:used":{"minecraft:wooden_axe":37,"minecraft:bread":6,"minecraft:stone_pickaxe":228,"minecraft:oak_planks":31,"magistuarmory:stone_ranseur":24,"minecraft:wooden_pickaxe":10,"minecraft:torch":4,"minecraft:dirt":9,"minecraft:crafting_table":3,"minecraft:furnace":1,"minecraft:jungle_planks":32,"minecraft:oak_boat":1,"minecraft:cooked_beef":3},"minecraft:picked_up":{"minecraft:raw_iron":2,"minecraft:feather":1,"minecraft:chicken":1,"minecraft:jungle_log":13,"minecraft:leather":3,"minecraft:wooden_pickaxe":1,"minecraft:porkchop":3,"paraglider:spirit_orb":1,"minecraft:jungle_planks":1,"minecraft:oak_log":11,"minecraft:diorite":6,"minecraft:dirt":22,"minecraft:bone":1,"minecraft:beef":3,"minecraft:coal":25,"minecraft:oak_planks":2,"minecraft:cobblestone":187},"minecraft:broken":{"minecraft:stone_pickaxe":1},"minecraft:killed":{"minecraft:skeleton":1,"minecraft:pig":1,"minecraft:zombie":1,"minecraft:chicken":1,"minecraft:cow":2},"minecraft:custom":{"minecraft:time_since_rest":10496,"minecraft:interact_with_furnace":7,"champions:champion_mobs_killed":2,"minecraft:sprint_one_cm":110824,"minecraft:damage_taken":1267,"minecraft:walk_one_cm":188037,"minecraft:mob_kills":6,"minecraft:drop":1,"minecraft:damage_dealt":1010,"minecraft:damage_dealt_absorbed":22,"minecraft:interact_with_crafting_table":7,"minecraft:fly_one_cm":27685,"minecraft:crouch_one_cm":16015,"minecraft:play_time":39579,"minecraft:deaths":3,"minecraft:sneak_time":3433,"minecraft:boat_one_cm":382,"minecraft:jump":267,"minecraft:leave_game":2,"minecraft:time_since_death":10471,"minecraft:total_world_time":39579,"minecraft:fall_one_cm":4508},"minecraft:crafted":{"minecraft:cooked_beef":3,"minecraft:oak_boat":1,"minecraft:oak_planks":44,"minecraft:cooked_porkchop":3,"minecraft:crafting_table":3,"minecraft:stick":12,"minecraft:wooden_pickaxe":1,"minecraft:cooked_chicken":1,"minecraft:stone_pickaxe":2,"minecraft:wooden_axe":1,"minecraft:furnace":1,"minecraft:torch":2,"minecraft:air":49,"minecraft:jungle_planks":6}},"DataVersion":2975}