{"stats":{"minecraft:mined":{"minecraft:grass_block":7,"minecraft:jungle_planks":1,"minecraft:jungle_log":20,"minecraft:cobblestone":1,"minecraft:oak_planks":3,"minecraft:diorite":6,"minecraft:iron_ore":2,"treechop:chopped_log":5,"minecraft:grass":1,"minecraft:oak_log":6,"minecraft:coal_ore":44,"minecraft:vine":2,"minecraft:dirt":23,"minecraft:stone":210,"minecraft:oak_leaves":4,"minecraft:fern":1},"minecraft:killed_by":{"alexsmobs:skelewag":1,"monsterplus:overgrown_skeleton":1,"minecraft:skeleton":1},"minecraft:dropped":{"minecraft:wooden_pickaxe":1},"minecraft:used":{"minecraft:stone_pickaxe":263,"minecraft:oak_planks":31,"magistuarmory:stone_ranseur":31,"minecraft:wooden_pickaxe":10,"minecraft:torch":6,"minecraft:dirt":13,"minecraft:spyglass":7,"minecraft:crafting_table":3,"minecraft:jungle_planks":32,"minecraft:cobblestone_wall":9,"minecraft:wooden_axe":37,"minecraft:bread":6,"minecraft:cobblestone":46,"minecraft:furnace":2,"minecraft:oak_boat":1,"minecraft:cooked_beef":3},"minecraft:picked_up":{"minecraft:feather":1,"minecraft:chicken":1,"minecraft:jungle_log":13,"minecraft:leather":3,"minecraft:wooden_pickaxe":1,"paraglider:spirit_orb":1,"minecraft:oak_log":11,"minecraft:dirt":29,"minecraft:bone":1,"minecraft:beef":3,"minecraft:oak_planks":2,"minecraft:raw_iron":2,"minecraft:porkchop":3,"minecraft:jungle_planks":1,"minecraft:diorite":6,"minecraft:coal":44,"minecraft:cobblestone":210},"minecraft:broken":{"minecraft:stone_pickaxe":2},"minecraft:killed":{"minecraft:pig":1,"minecraft:skeleton":1,"minecraft:zombie":1,"minecraft:chicken":1,"minecraft:cow":2},"minecraft:custom":{"minecraft:interact_with_furnace":10,"minecraft:mob_kills":6,"minecraft:interact_with_crafting_table":10,"minecraft:leave_game":2,"minecraft:time_since_death":22471,"minecraft:time_since_rest":22496,"minecraft:sprint_one_cm":113279,"champions:champion_mobs_killed":2,"minecraft:damage_taken":1267,"minecraft:walk_one_cm":217566,"minecraft:drop":1,"minecraft:damage_dealt":1010,"minecraft:damage_dealt_absorbed":22,"minecraft:fly_one_cm":29870,"minecraft:crouch_one_cm":21099,"minecraft:play_time":51579,"minecraft:deaths":3,"minecraft:sneak_time":4652,"minecraft:boat_one_cm":382,"minecraft:jump":365,"minecraft:total_world_time":51579,"minecraft:fall_one_cm":4508},"minecraft:crafted":{"minecraft:cooked_beef":3,"minecraft:oak_planks":44,"minecraft:cooked_porkchop":3,"minecraft:crafting_table":3,"minecraft:wooden_pickaxe":1,"minecraft:cooked_chicken":1,"minecraft:furnace":2,"minecraft:air":49,"minecraft:jungle_planks":6,"minecraft:oak_boat":1,"minecraft:shield":1,"minecraft:stick":12,"minecraft:iron_ingot":2,"minecraft:stone_pickaxe":2,"minecraft:wooden_axe":1,"minecraft:cobblestone_wall":18,"minecraft:torch":2}},"DataVersion":2975}