{"stats":{"minecraft:crafted":{"minecraft:stone_shovel":2,"minecraft:crafting_table":1,"minecraft:spruce_planks":44,"minecraft:wooden_pickaxe":1,"minecraft:spruce_door":6,"minecraft:stone_axe":1,"minecraft:bread":15,"minecraft:stick":12,"minecraft:iron_ingot":2,"minecraft:stone_pickaxe":2,"minecraft:stone_sword":2,"minecraft:wheat":45},"minecraft:custom":{"minecraft:mob_kills":4,"minecraft:interact_with_crafting_table":12,"minecraft:open_barrel":11,"minecraft:leave_game":2,"minecraft:time_since_death":3773,"minecraft:sleep_in_bed":1,"minecraft:climb_one_cm":8758,"minecraft:time_since_rest":3799,"minecraft:sprint_one_cm":303047,"minecraft:damage_taken":717,"minecraft:walk_one_cm":258115,"minecraft:drop":14,"minecraft:damage_dealt":513,"minecraft:swim_one_cm":308,"minecraft:fly_one_cm":107140,"minecraft:open_chest":16,"minecraft:crouch_one_cm":359,"minecraft:play_time":58993,"minecraft:deaths":6,"minecraft:sneak_time":99,"minecraft:walk_under_water_one_cm":440,"minecraft:jump":395,"minecraft:walk_on_water_one_cm":439,"minecraft:total_world_time":58993,"minecraft:fall_one_cm":5812},"minecraft:killed":{"born_in_chaos_v1:corpse_fly":1,"minecraft:silverfish":3},"minecraft:killed_by":{"minecraft:player":1,"minecraft:silverfish":1,"darkestsouls:beast_patient":2,"born_in_chaos_v1:corpse_fly":1,"darkestsouls:hollow_longsword":1},"minecraft:broken":{"minecraft:stone_shovel":1},"minecraft:dropped":{"minecraft:bread":3,"born_in_chaos_v1:intoxicating_decoction":1,"minecraft:stone_sword":3,"minecraft:raw_iron":6,"minecraft:stone_shovel":1,"born_in_chaos_v1:intoxicating_dagger":1,"minecraft:spruce_log":45,"minecraft:iron_axe":1,"minecraft:stone_pickaxe":1,"minecraft:wooden_pickaxe":1},"minecraft:picked_up":{"born_in_chaos_v1:corpse_maggot":2,"minecraft:golden_leggings":4,"minecraft:wooden_pickaxe":2,"minecraft:dirt":170,"minecraft:string":1,"minecraft:oak_trapdoor":1,"minecraft:iron_axe":1,"born_in_chaos_v1:intoxicating_decoction":2,"minecraft:white_carpet":1,"born_in_chaos_v1:intoxicating_dagger":4,"minecraft:stone_bricks":1,"minecraft:spruce_planks":19,"minecraft:stone_pickaxe":1,"minecraft:redstone_torch":2,"endrem:cold_eye":1,"minecraft:golden_helmet":1,"minecraft:stick":20,"minecraft:raw_iron":6,"minecraft:torch":1,"minecraft:gravel":1,"minecraft:spruce_sapling":14,"minecraft:carrot":2,"minecraft:spruce_log":119,"minecraft:barrel":1,"minecraft:stone_sword":3,"minecraft:rotten_flesh":4,"minecraft:stone_axe":1,"minecraft:hay_block":8,"minecraft:bone_meal":2,"minecraft:bread":9,"born_in_chaos_v1:cultivated_pumpkin":3,"minecraft:light_gray_carpet":2,"minecraft:snowball":95,"minecraft:cobblestone":27},"minecraft:used":{"minecraft:beetroot":1,"minecraft:stone_sword":9,"minecraft:spruce_door":1,"minecraft:stone_shovel":131,"minecraft:stone_pickaxe":34,"minecraft:spruce_planks":6,"minecraft:wooden_pickaxe":20,"minecraft:rotten_flesh":2,"minecraft:torch":1,"minecraft:crafting_table":1,"minecraft:spruce_log":1,"born_in_chaos_v1:smoked_flesh":1,"born_in_chaos_v1:monster_flesh":2,"minecraft:bread":4,"born_in_chaos_v1:intoxicating_dagger":6,"minecraft:stone_axe":118,"minecraft:cobblestone":6,"minecraft:hay_block":3,"alexsmobs:animal_dictionary":1},"minecraft:mined":{"minecraft:light_gray_carpet":1,"born_in_chaos_v1:cultivated_pumpkin":3,"minecraft:spruce_planks":3,"minecraft:snow_block":40,"minecraft:glow_lichen":1,"minecraft:tall_grass":2,"minecraft:cobblestone":2,"minecraft:spruce_leaves":13,"minecraft:wall_torch":1,"minecraft:hay_block":8,"minecraft:oak_trapdoor":1,"minecraft:iron_ore":6,"minecraft:barrel":1,"minecraft:snow":5,"minecraft:white_carpet":1,"minecraft:spruce_log":119,"minecraft:grass":1,"minecraft:dirt":86,"minecraft:gravel":1,"minecraft:cobweb":1,"minecraft:stone_bricks":1,"minecraft:stone":28,"minecraft:mossy_stone_bricks":1}},"DataVersion":3465}