{"stats":{"minecraft:mined":{"treechop:chopped_log":5,"minecraft:grass":1,"minecraft:coal_ore":21,"minecraft:grass_block":4,"minecraft:oak_log":6,"minecraft:jungle_planks":1,"minecraft:vine":2,"minecraft:jungle_log":20,"minecraft:dirt":8,"minecraft:stone":6,"minecraft:oak_planks":3,"minecraft:oak_leaves":4,"minecraft:fern":1},"minecraft:custom":{"minecraft:time_since_rest":8680,"champions:champion_mobs_killed":2,"minecraft:sprint_one_cm":44858,"minecraft:damage_taken":923,"minecraft:walk_one_cm":89573,"minecraft:mob_kills":3,"minecraft:drop":1,"minecraft:damage_dealt":618,"minecraft:damage_dealt_absorbed":13,"minecraft:interact_with_crafting_table":4,"minecraft:fly_one_cm":9834,"minecraft:crouch_one_cm":15306,"minecraft:play_time":22333,"minecraft:deaths":2,"minecraft:sneak_time":3368,"minecraft:boat_one_cm":382,"minecraft:jump":106,"minecraft:leave_game":2,"minecraft:time_since_death":8645,"minecraft:total_world_time":22333,"minecraft:fall_one_cm":1894},"minecraft:picked_up":{"minecraft:jungle_log":13,"minecraft:leather":2,"minecraft:wooden_pickaxe":1,"minecraft:jungle_planks":1,"paraglider:spirit_orb":1,"minecraft:oak_log":11,"minecraft:dirt":11,"minecraft:bone":1,"minecraft:beef":1,"minecraft:coal":21,"minecraft:oak_planks":2,"minecraft:cobblestone":6},"minecraft:used":{"minecraft:wooden_axe":37,"minecraft:bread":6,"minecraft:stone_pickaxe":21,"minecraft:oak_planks":31,"magistuarmory:stone_ranseur":13,"minecraft:wooden_pickaxe":10,"minecraft:crafting_table":2,"minecraft:jungle_planks":32,"minecraft:oak_boat":1},"minecraft:crafted":{"minecraft:oak_boat":1,"minecraft:oak_planks":44,"minecraft:crafting_table":2,"minecraft:stick":8,"minecraft:wooden_pickaxe":1,"minecraft:stone_pickaxe":1,"minecraft:wooden_axe":1,"minecraft:air":44,"minecraft:jungle_planks":6},"minecraft:killed_by":{"alexsmobs:skelewag":1,"minecraft:skeleton":1},"minecraft:dropped":{"minecraft:wooden_pickaxe":1},"minecraft:killed":{"minecraft:skeleton":1,"minecraft:zombie":1,"minecraft:cow":1}},"DataVersion":2975}