{"stats":{"minecraft:killed":{"darkestsouls:hollow_axe":1,"born_in_chaos_v1:zombie_lumberjack":1,"alexsmobs:froststalker":1,"born_in_chaos_v1:maggot":1,"minecraft:skeleton":2,"minecraft:silverfish":3,"darkestsouls:beast_patient":2,"darkestsouls:hollow_longsword":1,"darkestsouls:hollow_assassin":1,"born_in_chaos_v1:spiritof_chaos":1,"minecraft:bat":1,"darkestsouls:gravetender_hollow_broken_straightsword":1,"minecraft:creeper":1,"born_in_chaos_v1:decrepit_skeleton":1,"darkestsouls:skeleton_spear":1,"minecraft:zombie":7,"born_in_chaos_v1:dread_hound":3,"born_in_chaos_v1:corpse_fly":1,"born_in_chaos_v1:door_knight":1},"minecraft:picked_up":{"minecraft:mud":2,"minecraft:iron_chestplate":9,"born_in_chaos_v1:diamond_termite_shard":1,"minecraft:wheat":74,"born_in_chaos_v1:smoked_monster_flesh":4,"minecraft:clay_ball":44,"minecraft:leather_leggings":2,"minecraft:brown_mushroom":1,"minecraft:wooden_pickaxe":2,"minecraft:stone_brick_stairs":1,"minecraft:shield":13,"minecraft:amethyst_block":18,"minecraft:oak_trapdoor":4,"minecraft:string":3,"minecraft:moss_carpet":5,"minecraft:raw_copper":201,"minecraft:iron_axe":8,"born_in_chaos_v1:intoxicating_decoction":2,"minecraft:white_carpet":1,"minecraft:beetroot":3,"minecraft:cobbled_deepslate":719,"minecraft:bucket":8,"minecraft:spruce_planks":410,"minecraft:cobblestone_slab":25,"minecraft:redstone_torch":2,"minecraft:calcite":18,"minecraft:azalea":2,"minecraft:iron_pickaxe":13,"minecraft:spruce_slab":3,"minecraft:chest":1,"minecraft:iron_boots":3,"minecraft:golden_helmet":1,"minecraft:stick":24,"minecraft:raw_iron":51,"born_in_chaos_v1:shattered_skull":5,"darkestsouls:soul_fragment":2,"minecraft:torch":107,"minecraft:acacia_log":1,"minecraft:spruce_stairs":4,"minecraft:carrot":545,"minecraft:light_gray_bed":1,"minecraft:stone_shovel":1,"minecraft:stone_sword":8,"minecraft:arrow":1,"minecraft:rotten_flesh":50,"minecraft:tropical_fish":1,"minecraft:hay_block":8,"born_in_chaos_v1:cultivated_pumpkin":3,"minecraft:glow_berries":6,"minecraft:snowball":158,"minecraft:cobblestone":1475,"born_in_chaos_v1:fused_bone":4,"epicfight:stone_spear":2,"born_in_chaos_v1:staffof_magic_arrows":1,"born_in_chaos_v1:corpse_maggot":3,"born_in_chaos_v1:nightmare_mantleofthe_night_boots":6,"minecraft:leather_chestplate":1,"minecraft:cooked_beef":17,"minecraft:golden_carrot":1,"born_in_chaos_v1:monster_flesh":3,"minecraft:golden_leggings":11,"minecraft:flint":4,"darkestsouls:cinnabar":67,"minecraft:tuff":134,"minecraft:gunpowder":5,"minecraft:cobblestone_stairs":9,"skilltree:gem":23,"minecraft:lapis_lazuli":70,"minecraft:dirt":253,"born_in_chaos_v1:monster_skin":5,"minecraft:leather_boots":2,"minecraft:bone":13,"born_in_chaos_v1:intoxicating_dagger":12,"minecraft:apple":12,"minecraft:stone_bricks":5,"ribbits:brown_toadstool":2,"minecraft:wheat_seeds":232,"minecraft:raw_gold":4,"minecraft:iron_ingot":7,"minecraft:spore_blossom":3,"minecraft:stone_pickaxe":25,"minecraft:cooked_chicken":1,"endrem:cold_eye":1,"darkestsouls:blood_stone_fragment":2,"minecraft:mangrove_planks":12,"minecraft:moss_block":39,"minecraft:stone_hoe":1,"minecraft:flowering_azalea":2,"minecraft:smooth_basalt":7,"minecraft:sweet_berries":3,"epicfight:stone_greatsword":17,"epicfight:iron_spear":4,"born_in_chaos_v1:ethereal_spirit":2,"minecraft:gravel":48,"minecraft:stripped_spruce_log":4,"minecraft:spruce_sapling":17,"minecraft:spruce_log":142,"minecraft:barrel":1,"alexsmobs:animal_dictionary":1,"darkestsouls:siderite_fragment":6,"minecraft:diamond":8,"minecraft:stone_axe":12,"minecraft:iron_helmet":9,"minecraft:bone_meal":2,"minecraft:bread":21,"darkestsouls:small_soul_fragment":13,"minecraft:light_gray_carpet":2,"minecraft:coal":338,"minecraft:charcoal":108},"minecraft:broken":{"minecraft:stone_pickaxe":9,"minecraft:leather_boots":1,"minecraft:stone_shovel":1},"minecraft:dropped":{"minecraft:bread":4,"born_in_chaos_v1:intoxicating_decoction":1,"minecraft:golden_helmet":1,"minecraft:cooked_porkchop":1,"minecraft:cobblestone":52,"minecraft:stick":5,"minecraft:dirt":85,"minecraft:torch":5,"minecraft:iron_axe":1,"epicfight:iron_spear":1,"minecraft:stone_sword":3,"minecraft:cobbled_deepslate":4,"minecraft:stone_shovel":1,"minecraft:raw_iron":6,"minecraft:chicken":3,"born_in_chaos_v1:smoked_flesh":2,"minecraft:carrot":102,"minecraft:spruce_planks":1,"minecraft:chest":1,"born_in_chaos_v1:intoxicating_dagger":1,"minecraft:spruce_log":45,"minecraft:wooden_pickaxe":1,"minecraft:stone_pickaxe":1},"minecraft:crafted":{"minecraft:cobblestone_slab":12,"minecraft:stone_shovel":2,"epicfight:iron_spear":2,"born_in_chaos_v1:nightmare_mantleofthe_night_boots":1,"minecraft:furnace":1,"minecraft:bone_meal":51,"minecraft:stone_pickaxe":15,"minecraft:stone_hoe":1,"minecraft:smoker":1,"minecraft:wheat":45,"minecraft:crafting_table":7,"minecraft:spruce_planks":128,"minecraft:wooden_pickaxe":1,"minecraft:iron_helmet":3,"minecraft:iron_sword":2,"minecraft:spruce_door":6,"minecraft:smithing_table":1,"minecraft:copper_ingot":187,"minecraft:stone_axe":1,"minecraft:bread":41,"minecraft:air":0,"minecraft:jungle_planks":8,"minecraft:iron_chestplate":1,"minecraft:shield":2,"minecraft:stick":68,"born_in_chaos_v1:smoked_flesh":26,"minecraft:iron_ingot":33,"minecraft:stone_sword":4,"minecraft:torch":56},"minecraft:mined":{"darkestsouls:siderite_ore":3,"minecraft:tuff":85,"born_in_chaos_v1:cultivated_pumpkin":3,"minecraft:spruce_planks":3,"minecraft:farmland":1,"minecraft:deepslate_diamond_ore":8,"minecraft:budding_amethyst":1,"minecraft:cave_vines_plant":8,"minecraft:glow_lichen":2,"minecraft:light_gray_bed":1,"minecraft:brown_mushroom_block":1,"minecraft:spruce_leaves":18,"minecraft:moss_block":44,"minecraft:hay_block":8,"minecraft:spore_blossom":1,"minecraft:oak_trapdoor":1,"minecraft:carrots":113,"minecraft:cobbled_deepslate":2,"minecraft:iron_ore":17,"minecraft:barrel":1,"minecraft:fire":2,"minecraft:snow":5,"minecraft:stripped_spruce_log":4,"minecraft:moss_carpet":2,"minecraft:deepslate_lapis_ore":3,"minecraft:vine":1,"minecraft:cave_vines":11,"minecraft:deepslate_iron_ore":17,"minecraft:azalea":1,"minecraft:stone":786,"minecraft:spruce_slab":1,"minecraft:light_gray_carpet":1,"minecraft:flowering_azalea":2,"minecraft:hanging_roots":1,"minecraft:medium_amethyst_bud":1,"minecraft:snow_block":40,"minecraft:powder_snow":1,"minecraft:clay":10,"minecraft:torch":3,"minecraft:calcite":18,"minecraft:cobblestone":46,"minecraft:copper_ore":45,"minecraft:tall_grass":2,"minecraft:deepslate_gold_ore":4,"minecraft:lapis_ore":6,"minecraft:amethyst_block":9,"minecraft:wall_torch":4,"minecraft:spruce_stairs":2,"minecraft:mud":1,"minecraft:wheat":91,"minecraft:white_carpet":1,"minecraft:spruce_log":142,"minecraft:stone_brick_stairs":1,"minecraft:grass":3,"ribbits:brown_toadstool":2,"minecraft:coal_ore":69,"darkestsouls:cinnabar_ore":46,"minecraft:gravel":15,"minecraft:dirt":93,"minecraft:cobweb":1,"minecraft:smooth_basalt":7,"minecraft:stone_bricks":4,"minecraft:mossy_stone_bricks":1,"minecraft:deepslate":603},"minecraft:used":{"minecraft:beetroot":1,"minecraft:stone_sword":109,"minecraft:stone_shovel":131,"minecraft:spruce_planks":6,"minecraft:shield":38,"minecraft:rotten_flesh":2,"minecraft:cooked_chicken":4,"minecraft:stone_hoe":207,"minecraft:iron_chestplate":1,"minecraft:torch":63,"minecraft:dirt":73,"minecraft:carrot":185,"minecraft:tuff":24,"born_in_chaos_v1:smoked_flesh":9,"minecraft:iron_helmet":3,"minecraft:iron_boots":1,"born_in_chaos_v1:intoxicating_dagger":31,"epicfight:stone_greatsword":57,"minecraft:stone_bricks":3,"minecraft:hay_block":3,"minecraft:cooked_beef":8,"minecraft:cobbled_deepslate":59,"born_in_chaos_v1:nightmare_mantleofthe_night_boots":3,"minecraft:powder_snow_bucket":1,"minecraft:light_gray_bed":1,"minecraft:wheat_seeds":184,"minecraft:water_bucket":17,"epicfight:iron_spear":41,"minecraft:spruce_door":1,"minecraft:stone_pickaxe":1564,"minecraft:wooden_pickaxe":43,"minecraft:leather_boots":2,"minecraft:glow_berries":1,"minecraft:crafting_table":5,"minecraft:smoker":1,"minecraft:spruce_log":9,"minecraft:apple":3,"born_in_chaos_v1:monster_flesh":2,"minecraft:bread":29,"minecraft:iron_pickaxe":284,"minecraft:gravel":1,"minecraft:golden_leggings":5,"minecraft:stone_axe":154,"minecraft:cobblestone":231,"minecraft:smithing_table":1,"minecraft:cooked_porkchop":2,"minecraft:bucket":18,"alexsmobs:animal_dictionary":1,"minecraft:bone_meal":59},"minecraft:killed_by":{"darkestsouls:skeleton_falchion":1,"minecraft:player":2,"darkestsouls:skeleton_swordsman_twin_shotels":2,"darkestsouls:cloaked_beast_patient":3,"born_in_chaos_v1:zombie_lumberjack":1,"born_in_chaos_v1:corpse_fly":1,"darkestsouls:hollow_axe":1,"darkestsouls:leech":2,"born_in_chaos_v1:bonescaller":1,"minecraft:silverfish":1,"born_in_chaos_v1:siamese_skeletons":1,"darkestsouls:beast_patient":6,"cave_dweller:cave_dweller":2,"darkestsouls:hollow_longsword":2},"minecraft:custom":{"minecraft:mob_kills":31,"minecraft:interact_with_crafting_table":49,"minecraft:open_barrel":17,"minecraft:damage_dealt_resisted":542,"minecraft:leave_game":4,"minecraft:time_since_death":13791,"minecraft:climb_one_cm":143117,"minecraft:sprint_one_cm":1988265,"minecraft:walk_one_cm":2660615,"minecraft:damage_blocked_by_shield":1400,"minecraft:drop":45,"minecraft:damage_dealt_absorbed":265,"minecraft:play_time":444866,"minecraft:deaths":33,"minecraft:sneak_time":3930,"minecraft:walk_under_water_one_cm":5956,"minecraft:jump":3109,"minecraft:walk_on_water_one_cm":24197,"minecraft:total_world_time":444866,"minecraft:interact_with_furnace":45,"minecraft:sleep_in_bed":4,"minecraft:time_since_rest":10588,"minecraft:damage_taken":7047,"minecraft:damage_dealt":8328,"minecraft:swim_one_cm":13230,"minecraft:fly_one_cm":376896,"minecraft:open_chest":328,"minecraft:crouch_one_cm":20093,"minecraft:interact_with_smoker":10,"minecraft:fall_one_cm":30968,"minecraft:interact_with_smithing_table":9}},"DataVersion":3465}