{"stats":{"minecraft:broken":{"minecraft:stone_pickaxe":3,"minecraft:leather_boots":1,"minecraft:stone_shovel":1},"minecraft:dropped":{"minecraft:bread":3,"born_in_chaos_v1:intoxicating_decoction":1,"minecraft:golden_helmet":1,"minecraft:dirt":85,"minecraft:torch":5,"minecraft:iron_axe":1,"epicfight:iron_spear":1,"minecraft:stone_sword":3,"minecraft:raw_iron":6,"minecraft:stone_shovel":1,"minecraft:carrot":20,"born_in_chaos_v1:intoxicating_dagger":1,"minecraft:spruce_log":45,"minecraft:stone_pickaxe":1,"minecraft:wooden_pickaxe":1},"minecraft:crafted":{"minecraft:stone_shovel":2,"epicfight:iron_spear":2,"minecraft:bone_meal":51,"minecraft:stone_pickaxe":5,"minecraft:stone_hoe":1,"minecraft:wheat":45,"minecraft:crafting_table":5,"minecraft:spruce_planks":44,"minecraft:wooden_pickaxe":1,"minecraft:iron_helmet":1,"minecraft:iron_sword":2,"minecraft:spruce_door":6,"minecraft:stone_axe":1,"minecraft:bread":19,"minecraft:jungle_planks":8,"minecraft:shield":1,"minecraft:stick":36,"minecraft:iron_ingot":22,"minecraft:stone_sword":2,"minecraft:torch":20},"minecraft:used":{"minecraft:beetroot":1,"minecraft:stone_sword":10,"minecraft:stone_shovel":131,"minecraft:spruce_planks":6,"minecraft:shield":19,"minecraft:cooked_chicken":3,"minecraft:stone_hoe":119,"minecraft:rotten_flesh":2,"minecraft:torch":37,"minecraft:dirt":2,"minecraft:carrot":57,"born_in_chaos_v1:smoked_flesh":1,"minecraft:iron_helmet":3,"minecraft:iron_boots":1,"born_in_chaos_v1:intoxicating_dagger":31,"epicfight:stone_greatsword":8,"minecraft:stone_bricks":3,"minecraft:hay_block":3,"minecraft:cooked_beef":5,"minecraft:cobbled_deepslate":3,"minecraft:wheat_seeds":35,"epicfight:iron_spear":41,"minecraft:spruce_door":1,"minecraft:stone_pickaxe":570,"minecraft:wooden_pickaxe":20,"minecraft:leather_boots":2,"minecraft:crafting_table":3,"minecraft:spruce_log":1,"minecraft:apple":3,"born_in_chaos_v1:monster_flesh":2,"minecraft:bread":15,"minecraft:iron_pickaxe":131,"minecraft:golden_leggings":5,"minecraft:stone_axe":118,"minecraft:cobblestone":72,"alexsmobs:animal_dictionary":1,"minecraft:bone_meal":59},"minecraft:killed_by":{"darkestsouls:skeleton_falchion":1,"minecraft:player":1,"darkestsouls:skeleton_swordsman_twin_shotels":2,"darkestsouls:cloaked_beast_patient":3,"born_in_chaos_v1:zombie_lumberjack":1,"born_in_chaos_v1:corpse_fly":1,"born_in_chaos_v1:bonescaller":1,"minecraft:silverfish":1,"born_in_chaos_v1:siamese_skeletons":1,"darkestsouls:beast_patient":5,"cave_dweller:cave_dweller":1,"darkestsouls:hollow_longsword":2},"minecraft:custom":{"minecraft:mob_kills":16,"minecraft:interact_with_crafting_table":20,"minecraft:open_barrel":17,"minecraft:damage_dealt_resisted":1,"minecraft:leave_game":3,"minecraft:time_since_death":570,"minecraft:climb_one_cm":52060,"minecraft:sprint_one_cm":1200628,"minecraft:walk_one_cm":1161253,"minecraft:damage_blocked_by_shield":730,"minecraft:drop":25,"minecraft:damage_dealt_absorbed":245,"minecraft:play_time":216843,"minecraft:deaths":21,"minecraft:sneak_time":1373,"minecraft:walk_under_water_one_cm":1815,"minecraft:jump":1668,"minecraft:walk_on_water_one_cm":6589,"minecraft:total_world_time":216843,"minecraft:interact_with_furnace":15,"minecraft:sleep_in_bed":1,"minecraft:time_since_rest":603,"minecraft:damage_taken":4237,"minecraft:damage_dealt":4369,"minecraft:swim_one_cm":9449,"minecraft:fly_one_cm":282728,"minecraft:open_chest":84,"minecraft:crouch_one_cm":7086,"minecraft:fall_one_cm":23110},"minecraft:mined":{"darkestsouls:siderite_ore":3,"minecraft:tuff":9,"born_in_chaos_v1:cultivated_pumpkin":3,"minecraft:spruce_planks":3,"minecraft:cave_vines_plant":1,"minecraft:glow_lichen":2,"minecraft:spruce_leaves":13,"minecraft:moss_block":6,"minecraft:hay_block":8,"minecraft:spore_blossom":1,"minecraft:oak_trapdoor":1,"minecraft:carrots":13,"minecraft:fire":2,"minecraft:iron_ore":8,"minecraft:barrel":1,"minecraft:snow":5,"minecraft:moss_carpet":2,"minecraft:vine":1,"minecraft:cave_vines":2,"minecraft:deepslate_iron_ore":6,"minecraft:stone":426,"minecraft:spruce_slab":1,"minecraft:light_gray_carpet":1,"minecraft:flowering_azalea":2,"minecraft:snow_block":40,"minecraft:clay":9,"minecraft:torch":1,"minecraft:tall_grass":2,"minecraft:copper_ore":27,"minecraft:cobblestone":11,"minecraft:lapis_ore":4,"minecraft:wall_torch":2,"minecraft:spruce_stairs":2,"minecraft:wheat":13,"minecraft:white_carpet":1,"minecraft:spruce_log":119,"minecraft:stone_brick_stairs":1,"minecraft:grass":2,"darkestsouls:cinnabar_ore":46,"minecraft:dirt":88,"minecraft:gravel":4,"minecraft:cobweb":1,"minecraft:stone_bricks":4,"minecraft:mossy_stone_bricks":1,"minecraft:deepslate":134},"minecraft:picked_up":{"born_in_chaos_v1:diamond_termite_shard":1,"minecraft:iron_chestplate":5,"minecraft:wheat":12,"minecraft:clay_ball":40,"minecraft:leather_leggings":2,"minecraft:wooden_pickaxe":2,"minecraft:stone_brick_stairs":1,"minecraft:shield":4,"minecraft:amethyst_block":9,"minecraft:moss_carpet":4,"minecraft:iron_axe":8,"minecraft:string":3,"minecraft:oak_trapdoor":4,"minecraft:raw_copper":119,"born_in_chaos_v1:intoxicating_decoction":2,"minecraft:white_carpet":1,"minecraft:beetroot":3,"minecraft:cobbled_deepslate":277,"minecraft:spruce_planks":59,"minecraft:redstone_torch":2,"minecraft:iron_pickaxe":5,"minecraft:spruce_slab":3,"minecraft:iron_boots":3,"minecraft:golden_helmet":1,"minecraft:stick":20,"minecraft:raw_iron":30,"darkestsouls:soul_fragment":2,"minecraft:torch":89,"minecraft:spruce_stairs":4,"minecraft:carrot":71,"minecraft:stone_sword":5,"minecraft:arrow":1,"minecraft:rotten_flesh":36,"minecraft:hay_block":8,"born_in_chaos_v1:cultivated_pumpkin":3,"minecraft:snowball":158,"minecraft:cobblestone":638,"born_in_chaos_v1:corpse_maggot":2,"minecraft:leather_chestplate":1,"minecraft:cooked_beef":17,"born_in_chaos_v1:monster_flesh":2,"minecraft:golden_leggings":11,"minecraft:flint":3,"darkestsouls:cinnabar":63,"minecraft:tuff":19,"minecraft:gunpowder":5,"minecraft:cobblestone_stairs":9,"minecraft:dirt":178,"minecraft:lapis_lazuli":40,"born_in_chaos_v1:monster_skin":4,"minecraft:leather_boots":2,"minecraft:bone":13,"minecraft:apple":12,"born_in_chaos_v1:intoxicating_dagger":12,"minecraft:stone_bricks":5,"minecraft:wheat_seeds":35,"minecraft:spore_blossom":3,"minecraft:stone_pickaxe":9,"minecraft:cooked_chicken":1,"endrem:cold_eye":1,"darkestsouls:blood_stone_fragment":2,"minecraft:moss_block":5,"minecraft:flowering_azalea":2,"minecraft:stone_hoe":1,"minecraft:sweet_berries":3,"epicfight:stone_greatsword":9,"epicfight:iron_spear":4,"born_in_chaos_v1:ethereal_spirit":2,"minecraft:gravel":37,"minecraft:spruce_sapling":14,"minecraft:spruce_log":119,"minecraft:barrel":1,"darkestsouls:siderite_fragment":6,"minecraft:stone_axe":7,"minecraft:iron_helmet":6,"minecraft:bone_meal":2,"minecraft:bread":17,"minecraft:light_gray_carpet":2,"minecraft:coal":177},"minecraft:killed":{"darkestsouls:hollow_axe":1,"alexsmobs:froststalker":1,"minecraft:skeleton":1,"minecraft:silverfish":3,"darkestsouls:hollow_assassin":1,"darkestsouls:hollow_longsword":1,"born_in_chaos_v1:spiritof_chaos":1,"minecraft:creeper":1,"born_in_chaos_v1:decrepit_skeleton":1,"minecraft:zombie":2,"born_in_chaos_v1:dread_hound":2,"born_in_chaos_v1:corpse_fly":1}},"DataVersion":3465}