{"stats":{"minecraft:crafted":{"minecraft:crafting_table":1,"minecraft:spruce_planks":28,"minecraft:wooden_pickaxe":1,"minecraft:spruce_door":6,"minecraft:stone_axe":1,"minecraft:bread":15,"minecraft:stick":12,"minecraft:stone_pickaxe":2,"minecraft:stone_sword":2,"minecraft:wheat":45},"minecraft:custom":{"minecraft:mob_kills":1,"minecraft:interact_with_crafting_table":7,"minecraft:open_barrel":5,"minecraft:leave_game":2,"minecraft:time_since_death":26897,"minecraft:sleep_in_bed":1,"minecraft:climb_one_cm":7004,"minecraft:time_since_rest":17792,"minecraft:sprint_one_cm":282443,"minecraft:damage_taken":570,"minecraft:walk_one_cm":202029,"minecraft:drop":13,"minecraft:damage_dealt":190,"minecraft:swim_one_cm":308,"minecraft:fly_one_cm":96328,"minecraft:open_chest":6,"minecraft:crouch_one_cm":359,"minecraft:play_time":46993,"minecraft:deaths":5,"minecraft:sneak_time":99,"minecraft:walk_under_water_one_cm":440,"minecraft:jump":346,"minecraft:walk_on_water_one_cm":283,"minecraft:total_world_time":46993,"minecraft:fall_one_cm":4974},"minecraft:killed":{"born_in_chaos_v1:corpse_fly":1},"minecraft:killed_by":{"minecraft:player":1,"darkestsouls:beast_patient":2,"born_in_chaos_v1:corpse_fly":1,"darkestsouls:hollow_longsword":1},"minecraft:dropped":{"minecraft:bread":3,"born_in_chaos_v1:intoxicating_decoction":1,"minecraft:stone_sword":3,"minecraft:raw_iron":6,"born_in_chaos_v1:intoxicating_dagger":1,"minecraft:spruce_log":45,"minecraft:iron_axe":1,"minecraft:stone_pickaxe":1,"minecraft:wooden_pickaxe":1},"minecraft:picked_up":{"born_in_chaos_v1:corpse_maggot":1,"minecraft:wooden_pickaxe":1,"minecraft:oak_trapdoor":1,"minecraft:iron_axe":1,"born_in_chaos_v1:intoxicating_decoction":2,"born_in_chaos_v1:intoxicating_dagger":3,"minecraft:stone_bricks":1,"minecraft:spruce_planks":3,"endrem:cold_eye":1,"minecraft:stick":20,"minecraft:raw_iron":6,"minecraft:torch":1,"minecraft:gravel":1,"minecraft:spruce_sapling":14,"minecraft:spruce_log":119,"minecraft:stone_sword":2,"minecraft:rotten_flesh":4,"minecraft:hay_block":8,"minecraft:light_gray_carpet":1,"minecraft:cobblestone":18},"minecraft:used":{"minecraft:beetroot":1,"minecraft:spruce_door":1,"minecraft:stone_pickaxe":13,"minecraft:spruce_planks":6,"minecraft:wooden_pickaxe":20,"minecraft:rotten_flesh":2,"minecraft:torch":1,"minecraft:crafting_table":1,"minecraft:spruce_log":1,"born_in_chaos_v1:smoked_flesh":1,"born_in_chaos_v1:monster_flesh":2,"minecraft:bread":2,"born_in_chaos_v1:intoxicating_dagger":3,"minecraft:stone_axe":118,"minecraft:cobblestone":3,"minecraft:hay_block":3,"alexsmobs:animal_dictionary":1},"minecraft:mined":{"minecraft:light_gray_carpet":1,"minecraft:spruce_planks":3,"minecraft:glow_lichen":1,"minecraft:tall_grass":1,"minecraft:cobblestone":1,"minecraft:spruce_leaves":13,"minecraft:wall_torch":1,"minecraft:hay_block":8,"minecraft:oak_trapdoor":1,"minecraft:iron_ore":6,"minecraft:white_carpet":1,"minecraft:spruce_log":119,"minecraft:grass":1,"minecraft:gravel":1,"minecraft:stone_bricks":1,"minecraft:stone":15,"minecraft:mossy_stone_bricks":1}},"DataVersion":3465}