{"stats":{"minecraft:crafted":{"minecraft:crafting_table":1,"minecraft:spruce_planks":28,"minecraft:stick":8,"minecraft:wooden_pickaxe":1,"minecraft:stone_pickaxe":2,"minecraft:bread":15,"minecraft:wheat":45},"minecraft:custom":{"minecraft:time_since_rest":5792,"minecraft:sprint_one_cm":233584,"minecraft:damage_taken":570,"minecraft:walk_one_cm":139903,"minecraft:mob_kills":1,"minecraft:drop":3,"minecraft:damage_dealt":190,"minecraft:swim_one_cm":308,"minecraft:interact_with_crafting_table":4,"minecraft:fly_one_cm":85528,"minecraft:open_barrel":5,"minecraft:open_chest":5,"minecraft:crouch_one_cm":122,"minecraft:play_time":34993,"minecraft:deaths":5,"minecraft:sneak_time":7,"minecraft:walk_under_water_one_cm":440,"minecraft:jump":258,"minecraft:leave_game":2,"minecraft:time_since_death":14897,"minecraft:walk_on_water_one_cm":283,"minecraft:sleep_in_bed":1,"minecraft:climb_one_cm":628,"minecraft:total_world_time":34993,"minecraft:fall_one_cm":4018},"minecraft:killed":{"born_in_chaos_v1:corpse_fly":1},"minecraft:killed_by":{"darkestsouls:beast_patient":2,"born_in_chaos_v1:corpse_fly":1,"minecraft:player":1,"darkestsouls:hollow_longsword":1},"minecraft:dropped":{"born_in_chaos_v1:intoxicating_decoction":1,"born_in_chaos_v1:intoxicating_dagger":1,"minecraft:stone_pickaxe":1},"minecraft:picked_up":{"born_in_chaos_v1:corpse_maggot":1,"minecraft:torch":1,"minecraft:spruce_log":9,"minecraft:oak_trapdoor":1,"born_in_chaos_v1:intoxicating_decoction":2,"minecraft:rotten_flesh":4,"born_in_chaos_v1:intoxicating_dagger":3,"minecraft:stone_bricks":1,"minecraft:spruce_planks":1,"minecraft:hay_block":8,"endrem:cold_eye":1,"minecraft:light_gray_carpet":1,"minecraft:cobblestone":11},"minecraft:used":{"minecraft:beetroot":1,"born_in_chaos_v1:smoked_flesh":1,"born_in_chaos_v1:monster_flesh":2,"minecraft:spruce_planks":4,"minecraft:wooden_pickaxe":20,"born_in_chaos_v1:intoxicating_dagger":3,"minecraft:rotten_flesh":2,"minecraft:torch":1,"minecraft:cobblestone":1,"minecraft:hay_block":3,"minecraft:crafting_table":1,"alexsmobs:animal_dictionary":1,"minecraft:spruce_log":1},"minecraft:mined":{"minecraft:hay_block":8,"minecraft:light_gray_carpet":1,"minecraft:spruce_planks":1,"minecraft:oak_trapdoor":1,"minecraft:white_carpet":1,"minecraft:spruce_log":9,"minecraft:grass":1,"minecraft:tall_grass":1,"minecraft:cobblestone":1,"minecraft:spruce_leaves":7,"minecraft:stone":10,"minecraft:stone_bricks":1,"minecraft:mossy_stone_bricks":1,"minecraft:wall_torch":1}},"DataVersion":3465}