{"stats":{"minecraft:custom":{"minecraft:open_barrel":1,"minecraft:open_chest":2,"minecraft:time_since_rest":1445,"minecraft:damage_taken":240,"minecraft:walk_one_cm":24339,"minecraft:leave_game":2,"minecraft:sprint_one_cm":22342,"minecraft:play_time":11214,"minecraft:time_since_death":0,"minecraft:walk_on_water_one_cm":283,"minecraft:deaths":2,"minecraft:total_world_time":11214,"minecraft:walk_under_water_one_cm":440,"minecraft:swim_one_cm":308,"minecraft:fall_one_cm":3391,"minecraft:fly_one_cm":42790,"minecraft:jump":118},"minecraft:killed_by":{"darkestsouls:beast_patient":1,"born_in_chaos_v1:corpse_fly":1},"minecraft:used":{"minecraft:beetroot":1,"born_in_chaos_v1:smoked_flesh":1,"alexsmobs:animal_dictionary":1,"born_in_chaos_v1:monster_flesh":1}},"DataVersion":3465}