{"stats":{"minecraft:killed":{"minecraft:cow":1},"minecraft:picked_up":{"minecraft:wheat_seeds":1,"minecraft:beef":1,"paraglider:spirit_orb":1,"minecraft:dark_oak_log":1,"minecraft:dirt":36},"minecraft:custom":{"minecraft:time_since_rest":1178,"minecraft:crouch_one_cm":176,"minecraft:play_time":8667,"minecraft:sprint_one_cm":52084,"minecraft:deaths":1,"minecraft:damage_taken":198,"minecraft:walk_one_cm":41827,"minecraft:sneak_time":101,"minecraft:walk_under_water_one_cm":40,"minecraft:mob_kills":1,"minecraft:jump":65,"minecraft:damage_dealt":212,"minecraft:time_since_death":1132,"minecraft:walk_on_water_one_cm":417,"minecraft:total_world_time":8667,"minecraft:swim_one_cm":2891,"minecraft:damage_dealt_absorbed":4,"minecraft:fall_one_cm":1045,"minecraft:fly_one_cm":18196},"minecraft:mined":{"minecraft:grass_block":24,"minecraft:dirt":20,"treechop:chopped_log":1},"minecraft:killed_by":{"undead_revamp2:thehunter":1},"minecraft:used":{"magistuarmory:stone_ranseur":10}},"DataVersion":2975}