{"stats":{"minecraft:picked_up":{"minecraft:wheat_seeds":1,"minecraft:dirt":36},"minecraft:custom":{"minecraft:jump":20,"minecraft:time_since_rest":3569,"minecraft:sprint_one_cm":9572,"minecraft:play_time":3569,"minecraft:time_since_death":3569,"minecraft:walk_one_cm":16227,"minecraft:total_world_time":3569,"minecraft:fall_one_cm":209,"minecraft:fly_one_cm":1113},"minecraft:mined":{"minecraft:grass_block":24,"minecraft:dirt":20},"minecraft:used":{"magistuarmory:stone_ranseur":6}},"DataVersion":2975}