{"stats":{"minecraft:broken":{"minecraft:stone_pickaxe":2,"minecraft:stone_shovel":1},"minecraft:dropped":{"minecraft:bread":3,"born_in_chaos_v1:intoxicating_decoction":1,"minecraft:stone_sword":3,"minecraft:raw_iron":6,"minecraft:stone_shovel":1,"minecraft:dirt":85,"born_in_chaos_v1:intoxicating_dagger":1,"minecraft:spruce_log":45,"minecraft:iron_axe":1,"minecraft:wooden_pickaxe":1,"minecraft:stone_pickaxe":1},"minecraft:crafted":{"minecraft:stone_shovel":2,"minecraft:crafting_table":2,"minecraft:spruce_planks":44,"minecraft:wooden_pickaxe":1,"minecraft:spruce_door":6,"minecraft:stone_axe":1,"minecraft:bread":15,"minecraft:stick":16,"minecraft:iron_ingot":2,"minecraft:stone_pickaxe":3,"minecraft:stone_sword":2,"minecraft:wheat":45},"minecraft:used":{"minecraft:beetroot":1,"minecraft:stone_sword":9,"minecraft:spruce_door":1,"minecraft:stone_shovel":131,"minecraft:stone_pickaxe":263,"minecraft:spruce_planks":6,"minecraft:wooden_pickaxe":20,"minecraft:rotten_flesh":2,"minecraft:torch":1,"minecraft:crafting_table":2,"minecraft:carrot":1,"minecraft:spruce_log":1,"born_in_chaos_v1:smoked_flesh":1,"born_in_chaos_v1:monster_flesh":2,"minecraft:bread":5,"born_in_chaos_v1:intoxicating_dagger":6,"epicfight:stone_greatsword":2,"minecraft:stone_axe":118,"minecraft:cobblestone":9,"minecraft:hay_block":3,"alexsmobs:animal_dictionary":1},"minecraft:killed_by":{"minecraft:player":1,"minecraft:silverfish":1,"born_in_chaos_v1:zombie_lumberjack":1,"darkestsouls:beast_patient":2,"born_in_chaos_v1:corpse_fly":1,"darkestsouls:hollow_longsword":1},"minecraft:custom":{"minecraft:mob_kills":5,"minecraft:interact_with_crafting_table":13,"minecraft:open_barrel":11,"minecraft:damage_dealt_resisted":1,"minecraft:leave_game":3,"minecraft:time_since_death":8434,"minecraft:sleep_in_bed":1,"minecraft:climb_one_cm":8822,"minecraft:time_since_rest":8514,"minecraft:sprint_one_cm":365432,"minecraft:damage_taken":917,"minecraft:walk_one_cm":309394,"minecraft:drop":16,"minecraft:damage_dealt":664,"minecraft:swim_one_cm":308,"minecraft:fly_one_cm":109503,"minecraft:open_chest":20,"minecraft:crouch_one_cm":460,"minecraft:play_time":78843,"minecraft:deaths":7,"minecraft:sneak_time":117,"minecraft:walk_under_water_one_cm":440,"minecraft:jump":470,"minecraft:walk_on_water_one_cm":439,"minecraft:total_world_time":78843,"minecraft:fall_one_cm":5812},"minecraft:mined":{"minecraft:light_gray_carpet":1,"born_in_chaos_v1:cultivated_pumpkin":3,"minecraft:spruce_planks":3,"minecraft:snow_block":40,"minecraft:glow_lichen":1,"minecraft:cobblestone":2,"minecraft:copper_ore":23,"minecraft:tall_grass":2,"minecraft:spruce_leaves":13,"minecraft:wall_torch":1,"minecraft:hay_block":8,"minecraft:oak_trapdoor":1,"minecraft:iron_ore":6,"minecraft:barrel":1,"minecraft:snow":5,"minecraft:white_carpet":1,"minecraft:spruce_log":119,"minecraft:grass":1,"minecraft:gravel":2,"minecraft:dirt":86,"minecraft:cobweb":1,"minecraft:stone":206,"minecraft:stone_bricks":1,"minecraft:mossy_stone_bricks":1,"minecraft:deepslate":27},"minecraft:picked_up":{"born_in_chaos_v1:corpse_maggot":2,"minecraft:golden_leggings":4,"minecraft:wooden_pickaxe":2,"minecraft:flint":2,"minecraft:amethyst_block":9,"minecraft:oak_trapdoor":3,"minecraft:dirt":170,"minecraft:string":3,"minecraft:raw_copper":75,"minecraft:iron_axe":1,"born_in_chaos_v1:intoxicating_decoction":2,"minecraft:white_carpet":1,"born_in_chaos_v1:intoxicating_dagger":6,"minecraft:stone_bricks":1,"minecraft:cobbled_deepslate":26,"minecraft:spruce_planks":19,"minecraft:stone_pickaxe":4,"endrem:cold_eye":1,"minecraft:redstone_torch":2,"darkestsouls:blood_stone_fragment":1,"minecraft:iron_boots":1,"minecraft:golden_helmet":1,"minecraft:stick":20,"minecraft:raw_iron":6,"epicfight:stone_greatsword":3,"minecraft:sweet_berries":2,"minecraft:torch":53,"born_in_chaos_v1:ethereal_spirit":1,"minecraft:gravel":1,"minecraft:spruce_sapling":14,"minecraft:carrot":2,"minecraft:spruce_log":119,"minecraft:barrel":1,"minecraft:stone_sword":4,"minecraft:rotten_flesh":4,"minecraft:stone_axe":3,"minecraft:hay_block":8,"minecraft:bone_meal":2,"minecraft:bread":9,"born_in_chaos_v1:cultivated_pumpkin":3,"minecraft:light_gray_carpet":2,"minecraft:snowball":95,"minecraft:cobblestone":267},"minecraft:killed":{"born_in_chaos_v1:spiritof_chaos":1,"born_in_chaos_v1:corpse_fly":1,"minecraft:silverfish":3}},"DataVersion":3465}