{"stats":{"minecraft:broken":{"minecraft:stone_pickaxe":2,"minecraft:stone_shovel":1},"minecraft:dropped":{"minecraft:bread":3,"born_in_chaos_v1:intoxicating_decoction":1,"minecraft:golden_helmet":1,"minecraft:stone_sword":3,"minecraft:raw_iron":6,"minecraft:stone_shovel":1,"minecraft:carrot":20,"minecraft:dirt":85,"minecraft:torch":5,"born_in_chaos_v1:intoxicating_dagger":1,"minecraft:spruce_log":45,"minecraft:iron_axe":1,"minecraft:wooden_pickaxe":1,"minecraft:stone_pickaxe":1},"minecraft:crafted":{"minecraft:stone_shovel":2,"minecraft:crafting_table":2,"minecraft:spruce_planks":44,"minecraft:iron_helmet":1,"minecraft:wooden_pickaxe":1,"minecraft:spruce_door":6,"minecraft:bone_meal":51,"minecraft:stone_axe":1,"minecraft:bread":19,"minecraft:shield":1,"minecraft:stick":20,"minecraft:iron_ingot":22,"minecraft:stone_pickaxe":3,"minecraft:stone_sword":2,"minecraft:stone_hoe":1,"minecraft:wheat":45},"minecraft:used":{"minecraft:wheat_seeds":35,"minecraft:beetroot":1,"minecraft:stone_sword":9,"minecraft:spruce_door":1,"minecraft:stone_shovel":131,"minecraft:stone_pickaxe":318,"minecraft:shield":1,"minecraft:spruce_planks":6,"minecraft:wooden_pickaxe":20,"minecraft:stone_hoe":119,"minecraft:rotten_flesh":2,"minecraft:torch":20,"minecraft:crafting_table":2,"minecraft:carrot":52,"minecraft:spruce_log":1,"born_in_chaos_v1:smoked_flesh":1,"born_in_chaos_v1:monster_flesh":2,"minecraft:bread":9,"minecraft:iron_pickaxe":131,"born_in_chaos_v1:intoxicating_dagger":9,"epicfight:stone_greatsword":3,"minecraft:stone_axe":118,"minecraft:cobblestone":24,"minecraft:hay_block":3,"alexsmobs:animal_dictionary":1,"minecraft:bone_meal":59},"minecraft:killed_by":{"minecraft:player":1,"minecraft:silverfish":1,"born_in_chaos_v1:zombie_lumberjack":1,"darkestsouls:beast_patient":2,"born_in_chaos_v1:corpse_fly":1,"darkestsouls:hollow_longsword":2},"minecraft:custom":{"minecraft:interact_with_furnace":6,"minecraft:mob_kills":6,"minecraft:interact_with_crafting_table":17,"minecraft:open_barrel":12,"minecraft:damage_dealt_resisted":1,"minecraft:leave_game":3,"minecraft:time_since_death":21644,"minecraft:sleep_in_bed":1,"minecraft:climb_one_cm":38996,"minecraft:time_since_rest":21685,"minecraft:sprint_one_cm":532221,"minecraft:damage_taken":1170,"minecraft:walk_one_cm":631862,"minecraft:damage_blocked_by_shield":30,"minecraft:drop":24,"minecraft:damage_dealt":810,"minecraft:swim_one_cm":308,"minecraft:fly_one_cm":142073,"minecraft:open_chest":29,"minecraft:crouch_one_cm":1047,"minecraft:play_time":126843,"minecraft:deaths":8,"minecraft:sneak_time":185,"minecraft:walk_under_water_one_cm":440,"minecraft:jump":796,"minecraft:walk_on_water_one_cm":2887,"minecraft:total_world_time":126843,"minecraft:fall_one_cm":8461},"minecraft:mined":{"darkestsouls:siderite_ore":3,"minecraft:light_gray_carpet":1,"born_in_chaos_v1:cultivated_pumpkin":3,"minecraft:spruce_planks":3,"minecraft:snow_block":40,"minecraft:torch":1,"minecraft:glow_lichen":1,"minecraft:cobblestone":7,"minecraft:copper_ore":23,"minecraft:tall_grass":2,"minecraft:spruce_leaves":13,"minecraft:lapis_ore":4,"minecraft:wall_torch":1,"minecraft:hay_block":8,"minecraft:oak_trapdoor":1,"minecraft:wheat":13,"minecraft:carrots":13,"minecraft:iron_ore":6,"minecraft:barrel":1,"minecraft:snow":5,"minecraft:white_carpet":1,"minecraft:spruce_log":119,"minecraft:grass":1,"darkestsouls:cinnabar_ore":46,"minecraft:gravel":2,"minecraft:dirt":87,"minecraft:cobweb":1,"minecraft:stone":332,"minecraft:stone_bricks":1,"minecraft:mossy_stone_bricks":1,"minecraft:deepslate":27},"minecraft:picked_up":{"minecraft:wheat":12,"born_in_chaos_v1:corpse_maggot":2,"minecraft:golden_leggings":5,"minecraft:wooden_pickaxe":2,"darkestsouls:cinnabar":63,"minecraft:flint":3,"minecraft:shield":1,"minecraft:amethyst_block":9,"minecraft:lapis_lazuli":40,"minecraft:oak_trapdoor":4,"minecraft:dirt":172,"minecraft:string":3,"minecraft:raw_copper":75,"minecraft:iron_axe":1,"born_in_chaos_v1:intoxicating_decoction":2,"minecraft:white_carpet":1,"minecraft:beetroot":3,"born_in_chaos_v1:intoxicating_dagger":7,"minecraft:stone_bricks":2,"minecraft:wheat_seeds":35,"minecraft:cobbled_deepslate":26,"minecraft:spruce_planks":35,"minecraft:stone_pickaxe":5,"endrem:cold_eye":1,"minecraft:redstone_torch":2,"darkestsouls:blood_stone_fragment":1,"minecraft:iron_pickaxe":1,"minecraft:iron_boots":1,"minecraft:golden_helmet":1,"minecraft:stick":20,"minecraft:raw_iron":6,"epicfight:stone_greatsword":4,"minecraft:sweet_berries":3,"minecraft:torch":68,"born_in_chaos_v1:ethereal_spirit":2,"minecraft:gravel":1,"minecraft:spruce_sapling":14,"minecraft:carrot":62,"minecraft:spruce_log":119,"minecraft:barrel":1,"minecraft:arrow":1,"minecraft:stone_sword":4,"darkestsouls:siderite_fragment":6,"minecraft:rotten_flesh":6,"minecraft:stone_axe":4,"minecraft:iron_helmet":1,"minecraft:hay_block":8,"minecraft:bone_meal":2,"minecraft:bread":10,"born_in_chaos_v1:cultivated_pumpkin":3,"minecraft:light_gray_carpet":2,"minecraft:snowball":95,"minecraft:cobblestone":487},"minecraft:killed":{"born_in_chaos_v1:spiritof_chaos":1,"minecraft:zombie":1,"born_in_chaos_v1:corpse_fly":1,"minecraft:silverfish":3}},"DataVersion":3465}