{"stats":{"minecraft:picked_up":{"minecraft:crafting_table":2,"minecraft:raw_iron":8,"minecraft:torch":1,"darkestsouls:cinnabar":1,"minecraft:carrot":4,"skilltree:gem":5,"epicfight:diamond_tachi":1,"minecraft:cobbled_deepslate":62,"minecraft:coal":29,"minecraft:cobblestone":19},"minecraft:dropped":{"epicfight:diamond_tachi":1},"minecraft:mined":{"minecraft:iron_ore":8,"minecraft:crafting_table":2,"minecraft:torch":1,"minecraft:coal_ore":29,"minecraft:stone":8,"minecraft:deepslate":62},"minecraft:crafted":{"minecraft:iron_chestplate":1,"minecraft:crafting_table":1,"minecraft:spruce_planks":24,"minecraft:stick":12,"minecraft:iron_ingot":8,"minecraft:stone_pickaxe":3,"minecraft:stone_sword":1,"minecraft:furnace":1,"minecraft:torch":20,"minecraft:air":0},"minecraft:used":{"minecraft:stone_pickaxe":110,"minecraft:torch":4,"minecraft:cobblestone":1,"minecraft:crafting_table":3,"minecraft:furnace":1,"minecraft:carrot":7,"minecraft:cobbled_deepslate":3},"minecraft:killed_by":{"cave_dweller:cave_dweller":1},"minecraft:custom":{"minecraft:time_since_rest":302,"minecraft:interact_with_smithing_table":1,"minecraft:interact_with_furnace":1,"minecraft:sprint_one_cm":123432,"minecraft:damage_taken":186,"minecraft:walk_one_cm":95428,"minecraft:drop":1,"minecraft:interact_with_crafting_table":7,"minecraft:swim_one_cm":2774,"minecraft:fly_one_cm":32269,"minecraft:open_chest":11,"minecraft:crouch_one_cm":1032,"minecraft:deaths":1,"minecraft:play_time":26439,"minecraft:sneak_time":220,"minecraft:walk_under_water_one_cm":2605,"minecraft:jump":331,"minecraft:leave_game":1,"minecraft:time_since_death":168,"minecraft:walk_on_water_one_cm":7047,"minecraft:total_world_time":26439,"minecraft:climb_one_cm":6934,"minecraft:fall_one_cm":2974}},"DataVersion":3465}