{"stats":{"minecraft:killed":{"minecraft:zombie":2},"minecraft:picked_up":{"minecraft:charcoal":27,"minecraft:crafting_table":4,"minecraft:iron_chestplate":1,"born_in_chaos_v1:smoked_monster_flesh":1,"darkestsouls:cinnabar":2,"minecraft:shield":1,"skilltree:gem":12,"minecraft:dirt":1,"minecraft:cobbled_deepslate":62,"minecraft:bucket":2,"minecraft:spruce_planks":14,"minecraft:stone_pickaxe":3,"minecraft:mangrove_planks":7,"minecraft:mangrove_log":38,"minecraft:furnace":2,"minecraft:raw_iron":18,"minecraft:torch":20,"minecraft:gravel":2,"minecraft:carrot":8,"epicfight:diamond_tachi":1,"minecraft:stone_sword":1,"minecraft:stone_shovel":1,"minecraft:coal":65,"minecraft:cobblestone":79},"minecraft:broken":{"minecraft:stone_pickaxe":1},"minecraft:dropped":{"minecraft:gravel":1,"minecraft:stone_shovel":1,"epicfight:diamond_tachi":1,"minecraft:cobblestone":25,"born_in_chaos_v1:smoked_monster_flesh":1,"minecraft:shield":1,"minecraft:torch":6,"minecraft:charcoal":27,"minecraft:stone_pickaxe":2,"minecraft:bucket":2},"minecraft:crafted":{"minecraft:diamond_sword":1,"minecraft:crafting_table":1,"minecraft:spruce_planks":24,"minecraft:furnace":1,"minecraft:air":0,"minecraft:iron_chestplate":1,"minecraft:shield":1,"minecraft:stick":20,"minecraft:iron_ingot":18,"minecraft:stone_pickaxe":5,"minecraft:stone_sword":1,"minecraft:iron_leggings":1,"epicfight:diamond_tachi":1,"minecraft:torch":20},"minecraft:mined":{"minecraft:light_gray_stained_glass_pane":2,"minecraft:crafting_table":4,"minecraft:torch":1,"minecraft:wall_torch":1,"minecraft:furnace":2,"minecraft:iron_ore":18,"minecraft:coal_ore":36,"minecraft:gravel":1,"minecraft:stone":16,"minecraft:deepslate":62},"minecraft:used":{"minecraft:stone_sword":30,"minecraft:stone_pickaxe":141,"minecraft:torch":9,"minecraft:dirt":1,"minecraft:crafting_table":4,"minecraft:carrot":13,"minecraft:bread":1,"minecraft:cobblestone":3,"minecraft:furnace":2,"minecraft:cobbled_deepslate":3,"minecraft:powder_snow_bucket":2},"minecraft:killed_by":{"cave_dweller:cave_dweller":1},"minecraft:custom":{"minecraft:interact_with_smithing_table":2,"minecraft:interact_with_furnace":7,"minecraft:mob_kills":2,"minecraft:interact_with_crafting_table":13,"minecraft:open_barrel":6,"minecraft:leave_game":1,"minecraft:time_since_death":24168,"minecraft:climb_one_cm":7030,"minecraft:time_since_rest":24302,"minecraft:sprint_one_cm":199737,"minecraft:damage_taken":328,"minecraft:walk_one_cm":229156,"minecraft:drop":17,"minecraft:damage_dealt":355,"minecraft:swim_one_cm":6600,"minecraft:fly_one_cm":75008,"minecraft:open_chest":19,"minecraft:crouch_one_cm":1852,"minecraft:play_time":50439,"minecraft:deaths":1,"minecraft:sneak_time":288,"minecraft:walk_under_water_one_cm":8531,"minecraft:jump":571,"minecraft:walk_on_water_one_cm":16635,"minecraft:total_world_time":50439,"minecraft:fall_one_cm":7789}},"DataVersion":3465}