{"stats":{"minecraft:killed":{"minecraft:zombie":2},"minecraft:picked_up":{"minecraft:iron_chestplate":1,"minecraft:crafting_table":3,"minecraft:raw_iron":18,"minecraft:torch":20,"minecraft:gravel":2,"darkestsouls:cinnabar":2,"minecraft:carrot":8,"minecraft:dirt":1,"skilltree:gem":12,"minecraft:stone_sword":1,"epicfight:diamond_tachi":1,"minecraft:cobbled_deepslate":62,"minecraft:spruce_planks":14,"minecraft:stone_pickaxe":3,"minecraft:coal":65,"minecraft:cobblestone":77,"minecraft:furnace":1},"minecraft:broken":{"minecraft:stone_pickaxe":1},"minecraft:dropped":{"minecraft:gravel":1,"minecraft:torch":6,"epicfight:diamond_tachi":1,"minecraft:stone_pickaxe":2},"minecraft:crafted":{"minecraft:iron_chestplate":1,"minecraft:shield":1,"minecraft:crafting_table":1,"minecraft:spruce_planks":24,"minecraft:stick":20,"minecraft:iron_ingot":17,"minecraft:stone_pickaxe":5,"minecraft:stone_sword":1,"minecraft:iron_leggings":1,"minecraft:furnace":1,"minecraft:torch":20,"minecraft:air":0},"minecraft:mined":{"minecraft:light_gray_stained_glass_pane":2,"minecraft:furnace":1,"minecraft:iron_ore":18,"minecraft:crafting_table":3,"minecraft:torch":1,"minecraft:coal_ore":36,"minecraft:gravel":1,"minecraft:stone":16,"minecraft:wall_torch":1,"minecraft:deepslate":62},"minecraft:used":{"minecraft:stone_sword":30,"minecraft:stone_pickaxe":139,"minecraft:torch":9,"minecraft:dirt":1,"minecraft:cobblestone":3,"minecraft:crafting_table":4,"minecraft:furnace":2,"minecraft:carrot":10,"minecraft:cobbled_deepslate":3,"minecraft:powder_snow_bucket":2},"minecraft:killed_by":{"cave_dweller:cave_dweller":1},"minecraft:custom":{"minecraft:time_since_rest":12302,"minecraft:interact_with_smithing_table":1,"minecraft:interact_with_furnace":7,"minecraft:sprint_one_cm":161650,"minecraft:damage_taken":296,"minecraft:walk_one_cm":167983,"minecraft:mob_kills":2,"minecraft:drop":10,"minecraft:damage_dealt":355,"minecraft:interact_with_crafting_table":12,"minecraft:swim_one_cm":6600,"minecraft:fly_one_cm":59142,"minecraft:open_barrel":6,"minecraft:open_chest":12,"minecraft:crouch_one_cm":1706,"minecraft:deaths":1,"minecraft:play_time":38439,"minecraft:sneak_time":279,"minecraft:walk_under_water_one_cm":8531,"minecraft:jump":508,"minecraft:leave_game":1,"minecraft:time_since_death":12168,"minecraft:walk_on_water_one_cm":16635,"minecraft:total_world_time":38439,"minecraft:climb_one_cm":6934,"minecraft:fall_one_cm":6831}},"DataVersion":3465}