{"stats":{"minecraft:picked_up":{"minecraft:cobbled_deepslate":62,"minecraft:carrot":4},"minecraft:mined":{"minecraft:deepslate":62},"minecraft:crafted":{"minecraft:stone_sword":1,"minecraft:spruce_planks":24,"minecraft:stick":12,"minecraft:stone_pickaxe":1},"minecraft:used":{"minecraft:stone_pickaxe":62,"minecraft:carrot":2,"minecraft:cobbled_deepslate":3},"minecraft:custom":{"minecraft:time_since_rest":9604,"minecraft:open_chest":9,"minecraft:crouch_one_cm":235,"minecraft:play_time":9604,"minecraft:sprint_one_cm":56599,"minecraft:walk_one_cm":27615,"minecraft:sneak_time":22,"minecraft:walk_under_water_one_cm":628,"minecraft:jump":68,"minecraft:leave_game":1,"minecraft:time_since_death":9604,"minecraft:walk_on_water_one_cm":2801,"minecraft:total_world_time":9604,"minecraft:climb_one_cm":124,"minecraft:interact_with_crafting_table":2,"minecraft:swim_one_cm":2774,"minecraft:fall_one_cm":1096,"minecraft:fly_one_cm":19811}},"DataVersion":3465}