{"stats":{"minecraft:killed":{"minecraft:zombie":2},"minecraft:picked_up":{"minecraft:charcoal":27,"minecraft:crafting_table":5,"minecraft:iron_chestplate":3,"born_in_chaos_v1:smoked_monster_flesh":1,"darkestsouls:cinnabar":3,"minecraft:shield":3,"skilltree:gem":22,"minecraft:dirt":1,"minecraft:iron_leggings":2,"minecraft:cobbled_deepslate":62,"minecraft:bucket":6,"minecraft:spruce_planks":22,"minecraft:iron_ingot":4,"minecraft:stone_pickaxe":7,"minecraft:mangrove_planks":21,"minecraft:mangrove_log":114,"minecraft:furnace":3,"minecraft:stick":6,"minecraft:raw_iron":18,"minecraft:torch":28,"minecraft:gravel":4,"minecraft:carrot":8,"epicfight:diamond_tachi":3,"minecraft:stone_sword":1,"minecraft:stone_shovel":1,"minecraft:bread":1,"minecraft:coal":102,"minecraft:cobblestone":262},"minecraft:broken":{"minecraft:stone_pickaxe":1},"minecraft:dropped":{"minecraft:gravel":1,"minecraft:stone_shovel":1,"epicfight:diamond_tachi":1,"minecraft:cobblestone":25,"born_in_chaos_v1:smoked_monster_flesh":1,"minecraft:shield":1,"minecraft:torch":6,"minecraft:charcoal":27,"minecraft:stone_pickaxe":2,"minecraft:bucket":2},"minecraft:crafted":{"minecraft:diamond_sword":1,"minecraft:crafting_table":1,"minecraft:spruce_planks":24,"minecraft:furnace":1,"minecraft:air":0,"minecraft:iron_chestplate":1,"minecraft:shield":1,"minecraft:stick":20,"minecraft:iron_ingot":18,"minecraft:stone_pickaxe":5,"minecraft:stone_sword":1,"minecraft:iron_leggings":1,"epicfight:diamond_tachi":1,"minecraft:torch":20},"minecraft:mined":{"minecraft:light_gray_stained_glass_pane":2,"minecraft:crafting_table":4,"minecraft:torch":1,"minecraft:wall_torch":1,"minecraft:furnace":2,"minecraft:iron_ore":18,"minecraft:ice":1,"minecraft:coal_ore":39,"minecraft:gravel":1,"minecraft:stone":17,"minecraft:deepslate":62},"minecraft:used":{"minecraft:stone_sword":30,"minecraft:stone_pickaxe":145,"minecraft:torch":9,"minecraft:dirt":1,"minecraft:crafting_table":4,"minecraft:carrot":13,"minecraft:bread":2,"minecraft:cobblestone":3,"minecraft:furnace":2,"minecraft:bucket":2,"minecraft:cobbled_deepslate":3,"minecraft:powder_snow_bucket":2},"minecraft:killed_by":{"darkestsouls:leech":1,"cave_dweller:cave_dweller":1},"minecraft:custom":{"minecraft:interact_with_smithing_table":2,"minecraft:interact_with_furnace":7,"minecraft:mob_kills":2,"minecraft:interact_with_crafting_table":13,"minecraft:open_barrel":19,"minecraft:eat_cake_slice":1,"minecraft:leave_game":1,"minecraft:time_since_death":11545,"minecraft:climb_one_cm":9569,"minecraft:time_since_rest":11573,"minecraft:sprint_one_cm":360958,"minecraft:damage_taken":593,"minecraft:walk_one_cm":282367,"minecraft:drop":17,"minecraft:damage_dealt":355,"minecraft:swim_one_cm":20245,"minecraft:fly_one_cm":230691,"minecraft:open_chest":22,"minecraft:crouch_one_cm":2331,"minecraft:play_time":68286,"minecraft:deaths":3,"minecraft:sneak_time":318,"minecraft:walk_under_water_one_cm":12800,"minecraft:jump":817,"minecraft:walk_on_water_one_cm":37945,"minecraft:total_world_time":68286,"minecraft:use_cauldron":2,"minecraft:fall_one_cm":11283}},"DataVersion":3465}